2025-08-22 05:09:31,265 - Knowledge - INFO - Redis support added with prefix knowledge:b7831ap:
2025-08-22 05:09:31,502 - Knowledge - INFO - load persisted knowledge: begin
2025-08-22 05:09:31,507 - Knowledge - INFO - load persisted knowledge: end
2025-08-22 05:09:31,507 - Knowledge - INFO - load persisted docinfo: begin
2025-08-22 05:09:31,509 - Knowledge - INFO - load persisted docinfo: end
2025-08-22 05:09:31,578 - Knowledge - INFO - worker kw1 created with dedicated MongoDB connection (total: 1)
2025-08-22 05:09:31,579 - Knowledge - INFO - knowledge worker kw1 start
2025-08-22 05:09:31,580 - Knowledge - INFO - worker kw1 pull /app/data/b2c/9652/b7831ap/rialto-gstreamer-9652/scripts/clang-format/process_clang-format_errors.py from ingest queue
2025-08-22 05:09:31,581 - Knowledge - INFO - worker kw2 created with dedicated MongoDB connection (total: 2)
2025-08-22 05:09:31,582 - Knowledge - INFO - knowledge worker kw2 start
2025-08-22 05:09:31,584 - Knowledge - INFO - worker kw2 pull /app/data/b2c/9652/b7831ap/rialto-gstreamer-9652/scripts/valgrind/process_valgrind_results.py from ingest queue
2025-08-22 05:09:31,585 - Knowledge - INFO - worker kw3 created with dedicated MongoDB connection (total: 3)
2025-08-22 05:09:31,585 - Knowledge - INFO - knowledge worker kw3 start
2025-08-22 05:09:31,586 - Knowledge - INFO - worker kw3 pull /app/data/b2c/9652/b7831ap/rialto-gstreamer-9652/TERMS.md from ingest queue
2025-08-22 05:09:31,587 - Knowledge - INFO - worker kw4 created with dedicated MongoDB connection (total: 4)
2025-08-22 05:09:31,588 - Knowledge - INFO - knowledge worker kw4 start
2025-08-22 05:09:31,591 - Knowledge - INFO - worker kw5 created with dedicated MongoDB connection (total: 5)
2025-08-22 05:09:31,591 - Knowledge - INFO - knowledge worker kw5 start
2025-08-22 05:09:31,593 - Knowledge - INFO - worker kw5 pull /app/data/b2c/9652/b7831ap/rialto-gstreamer-9652/CMakeLists.txt from ingest queue
2025-08-22 05:09:31,595 - Knowledge - INFO - worker kw6 created with dedicated MongoDB connection (total: 6)
2025-08-22 05:09:31,596 - Knowledge - INFO - knowledge worker kw6 start
2025-08-22 05:09:31,597 - Knowledge - INFO - worker kw7 created with dedicated MongoDB connection (total: 7)
2025-08-22 05:09:31,598 - Knowledge - INFO - knowledge worker kw7 start
2025-08-22 05:09:31,600 - Knowledge - INFO - worker kw8 created with dedicated MongoDB connection (total: 8)
2025-08-22 05:09:31,601 - Knowledge - INFO - knowledge worker kw8 start
2025-08-22 05:09:31,601 - Knowledge - INFO - worker kw8 pull /app/data/b2c/9652/b7831ap/rialto-gstreamer-9652/cmake/googletest.cmake from ingest queue
2025-08-22 05:09:31,604 - Knowledge - INFO - worker kw4 pull /app/data/b2c/9652/b7831ap/rialto-gstreamer-9652/cmake/FindocdmRialto.cmake from ingest queue
2025-08-22 05:09:31,605 - Knowledge - INFO - worker kw6 pull /app/data/b2c/9652/b7831ap/rialto-gstreamer-9652/cmake/FindRialto.cmake from ingest queue
2025-08-22 05:09:31,606 - Knowledge - INFO - worker kw7 pull /app/data/b2c/9652/b7831ap/rialto-gstreamer-9652/source/MessageQueue.h from ingest queue
2025-08-22 05:09:31,666 - Knowledge - INFO - worker kw9 created with dedicated MongoDB connection (total: 9)
2025-08-22 05:09:31,668 - Knowledge - INFO - knowledge worker kw9 start
2025-08-22 05:09:31,671 - Knowledge - INFO - worker kw9 pull /app/data/b2c/9652/b7831ap/rialto-gstreamer-9652/source/RialtoGStreamerMSEBaseSinkCallbacks.h from ingest queue
2025-08-22 05:09:31,673 - Knowledge - INFO - worker kw10 created with dedicated MongoDB connection (total: 10)
2025-08-22 05:09:31,677 - Knowledge - INFO - knowledge worker kw10 start
2025-08-22 05:09:31,678 - Knowledge - INFO - worker kw10 pull /app/data/b2c/9652/b7831ap/rialto-gstreamer-9652/source/RialtoGStreamerWebAudioSink.h from ingest queue
2025-08-22 05:09:31,686 - Knowledge - INFO - worker kw11 created with dedicated MongoDB connection (total: 11)
2025-08-22 05:09:31,690 - Knowledge - INFO - knowledge worker kw11 start
2025-08-22 05:09:31,691 - Knowledge - INFO - worker kw11 pull /app/data/b2c/9652/b7831ap/rialto-gstreamer-9652/source/ControlBackendInterface.h from ingest queue
2025-08-22 05:09:31,693 - Knowledge - INFO - process ingested knowledge for /app/data/b2c/9652/b7831ap/rialto-gstreamer-9652/scripts/clang-format/process_clang-format_errors.py
2025-08-22 05:09:31,697 - Knowledge - INFO - worker kw12 created with dedicated MongoDB connection (total: 12)
2025-08-22 05:09:31,765 - Knowledge - INFO - knowledge worker kw12 start
2025-08-22 05:09:31,767 - Knowledge - INFO - process ingested knowledge for /app/data/b2c/9652/b7831ap/rialto-gstreamer-9652/scripts/valgrind/process_valgrind_results.py
2025-08-22 05:09:31,768 - Knowledge - INFO - worker kw12 pull /app/data/b2c/9652/b7831ap/rialto-gstreamer-9652/source/RialtoGStreamerMSEBaseSink.h from ingest queue
2025-08-22 05:09:31,770 - Knowledge - INFO - worker kw13 created with dedicated MongoDB connection (total: 13)
2025-08-22 05:09:31,773 - Knowledge - INFO - knowledge worker kw13 start
2025-08-22 05:09:31,775 - Knowledge - INFO - Found code-base-name: https://github.com/kavia-common/rialto-gstreamer-9652.git:kavia-6.0.0-rc1
2025-08-22 05:09:31,775 - Knowledge - INFO - Found code_base: <app.utils.kg_build.knowledge.KnowledgeCodeBase object at 0x7f818878d850>
2025-08-22 05:09:31,775 - Knowledge - INFO - persist ingested knowledge for /app/data/b2c/9652/b7831ap/rialto-gstreamer-9652/scripts/valgrind/process_valgrind_results.py
2025-08-22 05:09:31,776 - Knowledge - INFO - process ingested knowledge for /app/data/b2c/9652/b7831ap/rialto-gstreamer-9652/TERMS.md
2025-08-22 05:09:31,776 - Knowledge - INFO - process ingested knowledge for /app/data/b2c/9652/b7831ap/rialto-gstreamer-9652/cmake/FindocdmRialto.cmake
2025-08-22 05:09:31,777 - Knowledge - INFO - worker kw14 created with dedicated MongoDB connection (total: 14)
2025-08-22 05:09:31,782 - Knowledge - INFO - knowledge worker kw14 start
2025-08-22 05:09:31,864 - Knowledge - INFO - worker kw15 created with dedicated MongoDB connection (total: 15)
2025-08-22 05:09:31,868 - Knowledge - INFO - process ingested knowledge for /app/data/b2c/9652/b7831ap/rialto-gstreamer-9652/CMakeLists.txt
2025-08-22 05:09:31,868 - Knowledge - INFO - process ingested knowledge for /app/data/b2c/9652/b7831ap/rialto-gstreamer-9652/cmake/FindRialto.cmake
2025-08-22 05:09:31,869 - Knowledge - INFO - knowledge worker kw15 start
2025-08-22 05:09:31,872 - Knowledge - INFO - process ingested knowledge for /app/data/b2c/9652/b7831ap/rialto-gstreamer-9652/cmake/googletest.cmake
2025-08-22 05:09:31,873 - Knowledge - INFO - worker kw16 created with dedicated MongoDB connection (total: 16)
2025-08-22 05:09:31,874 - Knowledge - INFO - knowledge worker kw16 start
2025-08-22 05:09:31,876 - Knowledge - INFO - worker kw17 created with dedicated MongoDB connection (total: 17)
2025-08-22 05:09:31,877 - Knowledge - INFO - knowledge worker kw17 start
2025-08-22 05:09:31,879 - Knowledge - INFO - worker kw18 created with dedicated MongoDB connection (total: 18)
2025-08-22 05:09:31,879 - Knowledge - INFO - knowledge worker kw18 start
2025-08-22 05:09:31,883 - Knowledge - INFO - process ingested knowledge for /app/data/b2c/9652/b7831ap/rialto-gstreamer-9652/source/ControlBackendInterface.h
2025-08-22 05:09:31,884 - Knowledge - INFO - process ingested knowledge for /app/data/b2c/9652/b7831ap/rialto-gstreamer-9652/source/MessageQueue.h
2025-08-22 05:09:31,885 - Knowledge - INFO - process ingested knowledge for /app/data/b2c/9652/b7831ap/rialto-gstreamer-9652/source/RialtoGStreamerMSEBaseSinkCallbacks.h
2025-08-22 05:09:31,885 - Knowledge - INFO - worker kw19 created with dedicated MongoDB connection (total: 19)
2025-08-22 05:09:31,886 - Knowledge - INFO - knowledge worker kw19 start
2025-08-22 05:09:31,887 - Knowledge - INFO - process ingested knowledge for /app/data/b2c/9652/b7831ap/rialto-gstreamer-9652/source/RialtoGStreamerWebAudioSink.h
2025-08-22 05:09:31,889 - Knowledge - INFO - worker kw20 created with dedicated MongoDB connection (total: 20)
2025-08-22 05:09:31,963 - Knowledge - INFO - knowledge worker kw20 start
2025-08-22 05:09:31,966 - Knowledge - INFO - process ingested knowledge for /app/data/b2c/9652/b7831ap/rialto-gstreamer-9652/source/RialtoGStreamerMSEBaseSink.h
2025-08-22 05:09:31,968 - Knowledge - WARNING - High connection count: 21 connections active
2025-08-22 05:09:31,968 - Knowledge - INFO - worker kw21 created with dedicated MongoDB connection (total: 21)
2025-08-22 05:09:31,968 - Knowledge - INFO - knowledge worker kw21 start
2025-08-22 05:09:31,970 - Knowledge - WARNING - High connection count: 22 connections active
2025-08-22 05:09:31,970 - Knowledge - INFO - worker kw22 created with dedicated MongoDB connection (total: 22)
2025-08-22 05:09:31,971 - Knowledge - INFO - knowledge worker kw22 start
2025-08-22 05:09:31,972 - Knowledge - WARNING - High connection count: 23 connections active
2025-08-22 05:09:31,972 - Knowledge - INFO - worker kw23 created with dedicated MongoDB connection (total: 23)
2025-08-22 05:09:31,973 - Knowledge - INFO - knowledge worker kw23 start
2025-08-22 05:09:31,974 - Knowledge - WARNING - High connection count: 24 connections active
2025-08-22 05:09:31,974 - Knowledge - INFO - worker kw24 created with dedicated MongoDB connection (total: 24)
2025-08-22 05:09:31,974 - Knowledge - INFO - knowledge worker kw24 start
2025-08-22 05:09:31,979 - Knowledge - WARNING - High connection count: 25 connections active
2025-08-22 05:09:31,979 - Knowledge - INFO - worker kw25 created with dedicated MongoDB connection (total: 25)
2025-08-22 05:09:31,980 - Knowledge - INFO - knowledge worker kw25 start
2025-08-22 05:09:32,012 - Knowledge - INFO - Found code-base-name: https://github.com/kavia-common/rialto-gstreamer-9652.git:kavia-6.0.0-rc1
2025-08-22 05:09:32,012 - Knowledge - INFO - Found code_base: <app.utils.kg_build.knowledge.KnowledgeCodeBase object at 0x7f818878d850>
2025-08-22 05:09:32,012 - Knowledge - INFO - persist ingested knowledge for /app/data/b2c/9652/b7831ap/rialto-gstreamer-9652/scripts/clang-format/process_clang-format_errors.py
2025-08-22 05:09:32,012 - Knowledge - INFO - Found code-base-name: https://github.com/kavia-common/rialto-gstreamer-9652.git:kavia-6.0.0-rc1
2025-08-22 05:09:32,012 - Knowledge - INFO - Found code_base: <app.utils.kg_build.knowledge.KnowledgeCodeBase object at 0x7f818878d850>
2025-08-22 05:09:32,012 - Knowledge - INFO - persist ingested knowledge for /app/data/b2c/9652/b7831ap/rialto-gstreamer-9652/TERMS.md
2025-08-22 05:09:32,013 - Knowledge - INFO - worker kw13 pull /app/data/b2c/9652/b7831ap/rialto-gstreamer-9652/source/BufferParser.cpp from ingest queue
2025-08-22 05:09:32,014 - Knowledge - INFO - worker kw14 pull /app/data/b2c/9652/b7831ap/rialto-gstreamer-9652/source/GStreamerEMEUtils.h from ingest queue
2025-08-22 05:09:32,015 - Knowledge - INFO - Found code-base-name: https://github.com/kavia-common/rialto-gstreamer-9652.git:kavia-6.0.0-rc1
2025-08-22 05:09:32,015 - Knowledge - INFO - Found code_base: <app.utils.kg_build.knowledge.KnowledgeCodeBase object at 0x7f818878d850>
2025-08-22 05:09:32,015 - Knowledge - INFO - persist ingested knowledge for /app/data/b2c/9652/b7831ap/rialto-gstreamer-9652/cmake/FindocdmRialto.cmake
2025-08-22 05:09:32,016 - Knowledge - INFO - worker kw15 pull /app/data/b2c/9652/b7831ap/rialto-gstreamer-9652/source/GStreamerUtils.cpp from ingest queue
2025-08-22 05:09:32,064 - Knowledge - INFO - Found code-base-name: https://github.com/kavia-common/rialto-gstreamer-9652.git:kavia-6.0.0-rc1
2025-08-22 05:09:32,064 - Knowledge - INFO - Found code_base: <app.utils.kg_build.knowledge.KnowledgeCodeBase object at 0x7f818878d850>
2025-08-22 05:09:32,064 - Knowledge - INFO - persist ingested knowledge for /app/data/b2c/9652/b7831ap/rialto-gstreamer-9652/CMakeLists.txt
2025-08-22 05:09:32,064 - Knowledge - INFO - worker kw16 pull /app/data/b2c/9652/b7831ap/rialto-gstreamer-9652/source/GStreamerMSEMediaPlayerClient.cpp from ingest queue
2025-08-22 05:09:32,067 - Knowledge - INFO - Found code-base-name: https://github.com/kavia-common/rialto-gstreamer-9652.git:kavia-6.0.0-rc1
2025-08-22 05:09:32,067 - Knowledge - INFO - Found code_base: <app.utils.kg_build.knowledge.KnowledgeCodeBase object at 0x7f818878d850>
2025-08-22 05:09:32,067 - Knowledge - INFO - persist ingested knowledge for /app/data/b2c/9652/b7831ap/rialto-gstreamer-9652/cmake/FindRialto.cmake
2025-08-22 05:09:32,067 - Knowledge - INFO - worker kw17 pull /app/data/b2c/9652/b7831ap/rialto-gstreamer-9652/source/RialtoGStreamerMSEVideoSink.h from ingest queue
2025-08-22 05:09:32,068 - Knowledge - INFO - Found code-base-name: https://github.com/kavia-common/rialto-gstreamer-9652.git:kavia-6.0.0-rc1
2025-08-22 05:09:32,068 - Knowledge - INFO - Found code_base: <app.utils.kg_build.knowledge.KnowledgeCodeBase object at 0x7f818878d850>
2025-08-22 05:09:32,068 - Knowledge - INFO - persist ingested knowledge for /app/data/b2c/9652/b7831ap/rialto-gstreamer-9652/cmake/googletest.cmake
2025-08-22 05:09:32,069 - Knowledge - INFO - worker kw18 pull /app/data/b2c/9652/b7831ap/rialto-gstreamer-9652/source/GStreamerWebAudioPlayerClient.h from ingest queue
2025-08-22 05:09:32,070 - Knowledge - INFO - worker kw19 pull /app/data/b2c/9652/b7831ap/rialto-gstreamer-9652/source/RialtoGStreamerMSEAudioSink.cpp from ingest queue
2025-08-22 05:09:32,070 - Knowledge - INFO - Found code-base-name: https://github.com/kavia-common/rialto-gstreamer-9652.git:kavia-6.0.0-rc1
2025-08-22 05:09:32,070 - Knowledge - INFO - Found code_base: <app.utils.kg_build.knowledge.KnowledgeCodeBase object at 0x7f818878d850>
2025-08-22 05:09:32,070 - Knowledge - INFO - persist ingested knowledge for /app/data/b2c/9652/b7831ap/rialto-gstreamer-9652/source/MessageQueue.h
2025-08-22 05:09:32,071 - Knowledge - INFO - worker kw20 pull /app/data/b2c/9652/b7831ap/rialto-gstreamer-9652/source/Timer.cpp from ingest queue
2025-08-22 05:09:32,072 - Knowledge - INFO - Found code-base-name: https://github.com/kavia-common/rialto-gstreamer-9652.git:kavia-6.0.0-rc1
2025-08-22 05:09:32,072 - Knowledge - INFO - Found code_base: <app.utils.kg_build.knowledge.KnowledgeCodeBase object at 0x7f818878d850>
2025-08-22 05:09:32,072 - Knowledge - INFO - persist ingested knowledge for /app/data/b2c/9652/b7831ap/rialto-gstreamer-9652/source/ControlBackendInterface.h
2025-08-22 05:09:32,073 - Knowledge - INFO - Found code-base-name: https://github.com/kavia-common/rialto-gstreamer-9652.git:kavia-6.0.0-rc1
2025-08-22 05:09:32,073 - Knowledge - INFO - Found code_base: <app.utils.kg_build.knowledge.KnowledgeCodeBase object at 0x7f818878d850>
2025-08-22 05:09:32,073 - Knowledge - INFO - persist ingested knowledge for /app/data/b2c/9652/b7831ap/rialto-gstreamer-9652/source/RialtoGStreamerWebAudioSink.h
2025-08-22 05:09:32,073 - Knowledge - INFO - Found code-base-name: https://github.com/kavia-common/rialto-gstreamer-9652.git:kavia-6.0.0-rc1
2025-08-22 05:09:32,073 - Knowledge - INFO - Found code_base: <app.utils.kg_build.knowledge.KnowledgeCodeBase object at 0x7f818878d850>
2025-08-22 05:09:32,073 - Knowledge - INFO - persist ingested knowledge for /app/data/b2c/9652/b7831ap/rialto-gstreamer-9652/source/RialtoGStreamerMSEBaseSinkCallbacks.h
2025-08-22 05:09:32,073 - Knowledge - INFO - worker kw21 pull /app/data/b2c/9652/b7831ap/rialto-gstreamer-9652/source/MediaPlayerClientBackend.h from ingest queue
2025-08-22 05:09:32,074 - Knowledge - INFO - Found code-base-name: https://github.com/kavia-common/rialto-gstreamer-9652.git:kavia-6.0.0-rc1
2025-08-22 05:09:32,075 - Knowledge - INFO - Found code_base: <app.utils.kg_build.knowledge.KnowledgeCodeBase object at 0x7f818878d850>
2025-08-22 05:09:32,075 - Knowledge - INFO - persist ingested knowledge for /app/data/b2c/9652/b7831ap/rialto-gstreamer-9652/source/RialtoGStreamerMSEBaseSink.h
2025-08-22 05:09:32,179 - Knowledge - INFO - process ingested knowledge for /app/data/b2c/9652/b7831ap/rialto-gstreamer-9652/source/BufferParser.cpp
2025-08-22 05:09:32,181 - Knowledge - INFO - process ingested knowledge for /app/data/b2c/9652/b7831ap/rialto-gstreamer-9652/source/GStreamerMSEMediaPlayerClient.cpp
2025-08-22 05:09:32,196 - Knowledge - INFO - process ingested knowledge for /app/data/b2c/9652/b7831ap/rialto-gstreamer-9652/source/RialtoGStreamerMSEAudioSink.cpp
2025-08-22 05:09:32,278 - Knowledge - INFO - process ingested knowledge for /app/data/b2c/9652/b7831ap/rialto-gstreamer-9652/source/GStreamerEMEUtils.h
2025-08-22 05:09:32,284 - Knowledge - INFO - process ingested knowledge for /app/data/b2c/9652/b7831ap/rialto-gstreamer-9652/source/GStreamerWebAudioPlayerClient.h
2025-08-22 05:09:32,292 - Knowledge - INFO - process ingested knowledge for /app/data/b2c/9652/b7831ap/rialto-gstreamer-9652/source/RialtoGStreamerMSEVideoSink.h
2025-08-22 05:09:32,293 - Knowledge - INFO - process ingested knowledge for /app/data/b2c/9652/b7831ap/rialto-gstreamer-9652/source/Timer.cpp
2025-08-22 05:09:32,294 - Knowledge - INFO - process ingested knowledge for /app/data/b2c/9652/b7831ap/rialto-gstreamer-9652/source/MediaPlayerClientBackend.h
2025-08-22 05:09:32,294 - Knowledge - INFO - worker kw23 pull /app/data/b2c/9652/b7831ap/rialto-gstreamer-9652/source/GStreamerMSEUtils.h from ingest queue
2025-08-22 05:09:32,295 - Knowledge - INFO - process ingested knowledge for /app/data/b2c/9652/b7831ap/rialto-gstreamer-9652/source/GStreamerUtils.cpp
2025-08-22 05:09:32,295 - Knowledge - INFO - worker kw24 pull /app/data/b2c/9652/b7831ap/rialto-gstreamer-9652/source/WebAudioClientBackendInterface.h from ingest queue
2025-08-22 05:09:32,295 - Knowledge - INFO - worker kw25 pull /app/data/b2c/9652/b7831ap/rialto-gstreamer-9652/source/MediaPlayerManager.h from ingest queue
2025-08-22 05:09:32,297 - Knowledge - INFO - adding /app/data/b2c/9652/b7831ap/rialto-gstreamer-9652/scripts/valgrind/process_valgrind_results.py to ingest queue
2025-08-22 05:09:32,408 - Knowledge - INFO - process ingested knowledge for /app/data/b2c/9652/b7831ap/rialto-gstreamer-9652/source/MediaPlayerManager.h
2025-08-22 05:09:32,416 - Knowledge - INFO - process ingested knowledge for /app/data/b2c/9652/b7831ap/rialto-gstreamer-9652/source/GStreamerMSEUtils.h
2025-08-22 05:09:32,464 - Knowledge - INFO - process ingested knowledge for /app/data/b2c/9652/b7831ap/rialto-gstreamer-9652/source/WebAudioClientBackendInterface.h
2025-08-22 05:09:32,483 - Knowledge - INFO - adding /app/data/b2c/9652/b7831ap/rialto-gstreamer-9652/scripts/clang-format/process_clang-format_errors.py to ingest queue
2025-08-22 05:09:33,175 - Knowledge - INFO - worker kw22 pull /app/data/b2c/9652/b7831ap/rialto-gstreamer-9652/source/CMakeLists.txt from ingest queue
2025-08-22 05:09:33,177 - Knowledge - INFO - Found code-base-name: https://github.com/kavia-common/rialto-gstreamer-9652.git:kavia-6.0.0-rc1
2025-08-22 05:09:33,177 - Knowledge - INFO - Found code_base: <app.utils.kg_build.knowledge.KnowledgeCodeBase object at 0x7f818878d850>
2025-08-22 05:09:33,177 - Knowledge - INFO - persist ingested knowledge for /app/data/b2c/9652/b7831ap/rialto-gstreamer-9652/source/BufferParser.cpp
2025-08-22 05:09:33,177 - Knowledge - INFO - Found code-base-name: https://github.com/kavia-common/rialto-gstreamer-9652.git:kavia-6.0.0-rc1
2025-08-22 05:09:33,177 - Knowledge - INFO - Found code_base: <app.utils.kg_build.knowledge.KnowledgeCodeBase object at 0x7f818878d850>
2025-08-22 05:09:33,177 - Knowledge - INFO - persist ingested knowledge for /app/data/b2c/9652/b7831ap/rialto-gstreamer-9652/source/GStreamerMSEMediaPlayerClient.cpp
2025-08-22 05:09:33,179 - Knowledge - INFO - Found code-base-name: https://github.com/kavia-common/rialto-gstreamer-9652.git:kavia-6.0.0-rc1
2025-08-22 05:09:33,179 - Knowledge - INFO - Found code_base: <app.utils.kg_build.knowledge.KnowledgeCodeBase object at 0x7f818878d850>
2025-08-22 05:09:33,179 - Knowledge - INFO - persist ingested knowledge for /app/data/b2c/9652/b7831ap/rialto-gstreamer-9652/source/RialtoGStreamerMSEAudioSink.cpp
2025-08-22 05:09:33,179 - Knowledge - INFO - Found code-base-name: https://github.com/kavia-common/rialto-gstreamer-9652.git:kavia-6.0.0-rc1
2025-08-22 05:09:33,179 - Knowledge - INFO - Found code_base: <app.utils.kg_build.knowledge.KnowledgeCodeBase object at 0x7f818878d850>
2025-08-22 05:09:33,180 - Knowledge - INFO - persist ingested knowledge for /app/data/b2c/9652/b7831ap/rialto-gstreamer-9652/source/GStreamerEMEUtils.h
2025-08-22 05:09:33,180 - Knowledge - INFO - Found code-base-name: https://github.com/kavia-common/rialto-gstreamer-9652.git:kavia-6.0.0-rc1
2025-08-22 05:09:33,180 - Knowledge - INFO - Found code_base: <app.utils.kg_build.knowledge.KnowledgeCodeBase object at 0x7f818878d850>
2025-08-22 05:09:33,180 - Knowledge - INFO - persist ingested knowledge for /app/data/b2c/9652/b7831ap/rialto-gstreamer-9652/source/GStreamerWebAudioPlayerClient.h
2025-08-22 05:09:33,180 - Knowledge - INFO - adding /app/data/b2c/9652/b7831ap/rialto-gstreamer-9652/source/RialtoGStreamerMSEBaseSink.h to ingest queue
2025-08-22 05:09:33,180 - Knowledge - INFO - worker kw2 pull /app/data/b2c/9652/b7831ap/rialto-gstreamer-9652/source/GStreamerMSEUtils.cpp from ingest queue
2025-08-22 05:09:33,186 - Knowledge - INFO - Found code-base-name: https://github.com/kavia-common/rialto-gstreamer-9652.git:kavia-6.0.0-rc1
2025-08-22 05:09:33,186 - Knowledge - INFO - Found code_base: <app.utils.kg_build.knowledge.KnowledgeCodeBase object at 0x7f818878d850>
2025-08-22 05:09:33,186 - Knowledge - INFO - persist ingested knowledge for /app/data/b2c/9652/b7831ap/rialto-gstreamer-9652/source/RialtoGStreamerMSEVideoSink.h
2025-08-22 05:09:33,204 - Knowledge - INFO - process ingested knowledge for /app/data/b2c/9652/b7831ap/rialto-gstreamer-9652/source/CMakeLists.txt
2025-08-22 05:09:33,217 - Knowledge - INFO - process ingested knowledge for /app/data/b2c/9652/b7831ap/rialto-gstreamer-9652/source/GStreamerMSEUtils.cpp
2025-08-22 05:09:33,297 - Knowledge - INFO - Found code-base-name: https://github.com/kavia-common/rialto-gstreamer-9652.git:kavia-6.0.0-rc1
2025-08-22 05:09:33,297 - Knowledge - INFO - Found code_base: <app.utils.kg_build.knowledge.KnowledgeCodeBase object at 0x7f818878d850>
2025-08-22 05:09:33,297 - Knowledge - INFO - persist ingested knowledge for /app/data/b2c/9652/b7831ap/rialto-gstreamer-9652/source/GStreamerUtils.cpp
2025-08-22 05:09:33,297 - Knowledge - INFO - Found code-base-name: https://github.com/kavia-common/rialto-gstreamer-9652.git:kavia-6.0.0-rc1
2025-08-22 05:09:33,297 - Knowledge - INFO - Found code_base: <app.utils.kg_build.knowledge.KnowledgeCodeBase object at 0x7f818878d850>
2025-08-22 05:09:33,297 - Knowledge - INFO - persist ingested knowledge for /app/data/b2c/9652/b7831ap/rialto-gstreamer-9652/source/MediaPlayerManager.h
2025-08-22 05:09:33,298 - Knowledge - INFO - Found code-base-name: https://github.com/kavia-common/rialto-gstreamer-9652.git:kavia-6.0.0-rc1
2025-08-22 05:09:33,298 - Knowledge - INFO - Found code_base: <app.utils.kg_build.knowledge.KnowledgeCodeBase object at 0x7f818878d850>
2025-08-22 05:09:33,298 - Knowledge - INFO - persist ingested knowledge for /app/data/b2c/9652/b7831ap/rialto-gstreamer-9652/source/GStreamerMSEUtils.h
2025-08-22 05:09:33,298 - Knowledge - INFO - Found code-base-name: https://github.com/kavia-common/rialto-gstreamer-9652.git:kavia-6.0.0-rc1
2025-08-22 05:09:33,298 - Knowledge - INFO - Found code_base: <app.utils.kg_build.knowledge.KnowledgeCodeBase object at 0x7f818878d850>
2025-08-22 05:09:33,298 - Knowledge - INFO - persist ingested knowledge for /app/data/b2c/9652/b7831ap/rialto-gstreamer-9652/source/WebAudioClientBackendInterface.h
2025-08-22 05:09:33,386 - Knowledge - INFO - worker kw1 pull /app/data/b2c/9652/b7831ap/rialto-gstreamer-9652/source/GStreamerUtils.h from ingest queue
2025-08-22 05:09:33,386 - Knowledge - INFO - adding /app/data/b2c/9652/b7831ap/rialto-gstreamer-9652/CMakeLists.txt to ingest queue
2025-08-22 05:09:33,387 - Knowledge - INFO - adding /app/data/b2c/9652/b7831ap/rialto-gstreamer-9652/cmake/FindRialto.cmake to ingest queue
2025-08-22 05:09:33,387 - Knowledge - INFO - adding /app/data/b2c/9652/b7831ap/rialto-gstreamer-9652/cmake/googletest.cmake to ingest queue
2025-08-22 05:09:33,389 - Knowledge - INFO - adding /app/data/b2c/9652/b7831ap/rialto-gstreamer-9652/source/MessageQueue.h to ingest queue
2025-08-22 05:09:33,390 - Knowledge - INFO - worker kw7 pull /app/data/b2c/9652/b7831ap/rialto-gstreamer-9652/source/GStreamerMSEMediaPlayerClient.h from ingest queue
2025-08-22 05:09:33,391 - Knowledge - INFO - adding /app/data/b2c/9652/b7831ap/rialto-gstreamer-9652/source/ControlBackendInterface.h to ingest queue
2025-08-22 05:09:33,392 - Knowledge - INFO - adding /app/data/b2c/9652/b7831ap/rialto-gstreamer-9652/source/RialtoGStreamerMSEBaseSinkCallbacks.h to ingest queue
2025-08-22 05:09:33,392 - Knowledge - INFO - worker kw9 pull /app/data/b2c/9652/b7831ap/rialto-gstreamer-9652/source/MediaPlayerManager.cpp from ingest queue
2025-08-22 05:09:33,481 - Knowledge - INFO - process ingested knowledge for /app/data/b2c/9652/b7831ap/rialto-gstreamer-9652/source/MediaPlayerManager.cpp
2025-08-22 05:09:33,482 - Knowledge - INFO - process ingested knowledge for /app/data/b2c/9652/b7831ap/rialto-gstreamer-9652/source/GStreamerMSEMediaPlayerClient.h
2025-08-22 05:09:33,495 - Knowledge - INFO - process ingested knowledge for /app/data/b2c/9652/b7831ap/rialto-gstreamer-9652/source/GStreamerUtils.h
2025-08-22 05:09:33,505 - Knowledge - INFO - Found code-base-name: https://github.com/kavia-common/rialto-gstreamer-9652.git:kavia-6.0.0-rc1
2025-08-22 05:09:33,505 - Knowledge - INFO - Found code_base: <app.utils.kg_build.knowledge.KnowledgeCodeBase object at 0x7f818878d850>
2025-08-22 05:09:33,505 - Knowledge - INFO - persist ingested knowledge for /app/data/b2c/9652/b7831ap/rialto-gstreamer-9652/source/MediaPlayerClientBackend.h
2025-08-22 05:09:33,505 - Knowledge - INFO - Found code-base-name: https://github.com/kavia-common/rialto-gstreamer-9652.git:kavia-6.0.0-rc1
2025-08-22 05:09:33,506 - Knowledge - INFO - Found code_base: <app.utils.kg_build.knowledge.KnowledgeCodeBase object at 0x7f818878d850>
2025-08-22 05:09:33,506 - Knowledge - INFO - persist ingested knowledge for /app/data/b2c/9652/b7831ap/rialto-gstreamer-9652/source/Timer.cpp
2025-08-22 05:09:33,506 - Knowledge - INFO - worker kw12 pull /app/data/b2c/9652/b7831ap/rialto-gstreamer-9652/source/WebAudioClientBackend.h from ingest queue
2025-08-22 05:09:33,507 - Knowledge - INFO - Found code-base-name: https://github.com/kavia-common/rialto-gstreamer-9652.git:kavia-6.0.0-rc1
2025-08-22 05:09:33,507 - Knowledge - INFO - Found code_base: <app.utils.kg_build.knowledge.KnowledgeCodeBase object at 0x7f818878d850>
2025-08-22 05:09:33,507 - Knowledge - INFO - persist ingested knowledge for /app/data/b2c/9652/b7831ap/rialto-gstreamer-9652/source/CMakeLists.txt
2025-08-22 05:09:33,507 - Knowledge - INFO - adding /app/data/b2c/9652/b7831ap/rialto-gstreamer-9652/source/RialtoGStreamerMSEVideoSink.h to ingest queue
2025-08-22 05:09:33,589 - Knowledge - INFO - process ingested knowledge for /app/data/b2c/9652/b7831ap/rialto-gstreamer-9652/source/WebAudioClientBackend.h
2025-08-22 05:09:33,882 - Knowledge - INFO - adding /app/data/b2c/9652/b7831ap/rialto-gstreamer-9652/TERMS.md to ingest queue
2025-08-22 05:09:33,882 - Knowledge - INFO - adding /app/data/b2c/9652/b7831ap/rialto-gstreamer-9652/cmake/FindocdmRialto.cmake to ingest queue
2025-08-22 05:09:33,882 - Knowledge - INFO - worker kw5 pull /app/data/b2c/9652/b7831ap/rialto-gstreamer-9652/source/BufferParser.h from ingest queue
2025-08-22 05:09:33,883 - Knowledge - INFO - adding /app/data/b2c/9652/b7831ap/rialto-gstreamer-9652/source/RialtoGStreamerWebAudioSink.h to ingest queue
2025-08-22 05:09:33,883 - Knowledge - INFO - worker kw8 pull /app/data/b2c/9652/b7831ap/rialto-gstreamer-9652/source/RialtoGSteamerPlugin.cpp from ingest queue
2025-08-22 05:09:33,913 - Knowledge - INFO - process ingested knowledge for /app/data/b2c/9652/b7831ap/rialto-gstreamer-9652/source/RialtoGSteamerPlugin.cpp
2025-08-22 05:09:33,975 - Knowledge - INFO - process ingested knowledge for /app/data/b2c/9652/b7831ap/rialto-gstreamer-9652/source/BufferParser.h
2025-08-22 05:09:34,000 - Knowledge - INFO - worker kw6 pull /app/data/b2c/9652/b7831ap/rialto-gstreamer-9652/source/GStreamerEMEUtils.cpp from ingest queue
2025-08-22 05:09:34,001 - Knowledge - INFO - worker kw11 pull /app/data/b2c/9652/b7831ap/rialto-gstreamer-9652/source/RialtoGStreamerMSEBaseSinkPrivate.h from ingest queue
2025-08-22 05:09:34,070 - Knowledge - INFO - process ingested knowledge for /app/data/b2c/9652/b7831ap/rialto-gstreamer-9652/source/GStreamerEMEUtils.cpp
2025-08-22 05:09:34,078 - Knowledge - INFO - process ingested knowledge for /app/data/b2c/9652/b7831ap/rialto-gstreamer-9652/source/RialtoGStreamerMSEBaseSinkPrivate.h
2025-08-22 05:09:34,116 - Knowledge - INFO - Found code-base-name: https://github.com/kavia-common/rialto-gstreamer-9652.git:kavia-6.0.0-rc1
2025-08-22 05:09:34,116 - Knowledge - INFO - Found code_base: <app.utils.kg_build.knowledge.KnowledgeCodeBase object at 0x7f818878d850>
2025-08-22 05:09:34,116 - Knowledge - INFO - persist ingested knowledge for /app/data/b2c/9652/b7831ap/rialto-gstreamer-9652/source/GStreamerMSEMediaPlayerClient.h
2025-08-22 05:09:34,117 - Knowledge - INFO - Found code-base-name: https://github.com/kavia-common/rialto-gstreamer-9652.git:kavia-6.0.0-rc1
2025-08-22 05:09:34,117 - Knowledge - INFO - Found code_base: <app.utils.kg_build.knowledge.KnowledgeCodeBase object at 0x7f818878d850>
2025-08-22 05:09:34,117 - Knowledge - INFO - persist ingested knowledge for /app/data/b2c/9652/b7831ap/rialto-gstreamer-9652/source/GStreamerUtils.h
2025-08-22 05:09:34,117 - Knowledge - INFO - adding /app/data/b2c/9652/b7831ap/rialto-gstreamer-9652/source/GStreamerEMEUtils.h to ingest queue
2025-08-22 05:09:34,305 - Knowledge - INFO - Found code-base-name: https://github.com/kavia-common/rialto-gstreamer-9652.git:kavia-6.0.0-rc1
2025-08-22 05:09:34,305 - Knowledge - INFO - Found code_base: <app.utils.kg_build.knowledge.KnowledgeCodeBase object at 0x7f818878d850>
2025-08-22 05:09:34,305 - Knowledge - INFO - persist ingested knowledge for /app/data/b2c/9652/b7831ap/rialto-gstreamer-9652/source/GStreamerMSEUtils.cpp
2025-08-22 05:09:34,398 - Knowledge - INFO - adding /app/data/b2c/9652/b7831ap/rialto-gstreamer-9652/source/CMakeLists.txt to ingest queue
2025-08-22 05:09:34,398 - Knowledge - INFO - Found code-base-name: https://github.com/kavia-common/rialto-gstreamer-9652.git:kavia-6.0.0-rc1
2025-08-22 05:09:34,398 - Knowledge - INFO - Found code_base: <app.utils.kg_build.knowledge.KnowledgeCodeBase object at 0x7f818878d850>
2025-08-22 05:09:34,398 - Knowledge - INFO - persist ingested knowledge for /app/data/b2c/9652/b7831ap/rialto-gstreamer-9652/source/WebAudioClientBackend.h
2025-08-22 05:09:34,399 - Knowledge - INFO - adding /app/data/b2c/9652/b7831ap/rialto-gstreamer-9652/source/GStreamerUtils.cpp to ingest queue
2025-08-22 05:09:34,400 - Knowledge - INFO - adding /app/data/b2c/9652/b7831ap/rialto-gstreamer-9652/source/MediaPlayerManager.h to ingest queue
2025-08-22 05:09:34,400 - Knowledge - INFO - worker kw15 pull /app/data/b2c/9652/b7831ap/rialto-gstreamer-9652/source/RialtoGStreamerMSEBaseSink.cpp from ingest queue
2025-08-22 05:09:34,401 - Knowledge - INFO - adding /app/data/b2c/9652/b7831ap/rialto-gstreamer-9652/source/WebAudioClientBackendInterface.h to ingest queue
2025-08-22 05:09:34,429 - Knowledge - INFO - process ingested knowledge for /app/data/b2c/9652/b7831ap/rialto-gstreamer-9652/source/RialtoGStreamerMSEBaseSink.cpp
2025-08-22 05:09:34,506 - Knowledge - INFO - worker kw4 pull /app/data/b2c/9652/b7831ap/rialto-gstreamer-9652/source/MediaPlayerClientBackendInterface.h from ingest queue
2025-08-22 05:09:34,507 - Knowledge - INFO - Found code-base-name: https://github.com/kavia-common/rialto-gstreamer-9652.git:kavia-6.0.0-rc1
2025-08-22 05:09:34,507 - Knowledge - INFO - Found code_base: <app.utils.kg_build.knowledge.KnowledgeCodeBase object at 0x7f818878d850>
2025-08-22 05:09:34,507 - Knowledge - INFO - persist ingested knowledge for /app/data/b2c/9652/b7831ap/rialto-gstreamer-9652/source/RialtoGSteamerPlugin.cpp
2025-08-22 05:09:34,508 - Knowledge - INFO - Found code-base-name: https://github.com/kavia-common/rialto-gstreamer-9652.git:kavia-6.0.0-rc1
2025-08-22 05:09:34,508 - Knowledge - INFO - Found code_base: <app.utils.kg_build.knowledge.KnowledgeCodeBase object at 0x7f818878d850>
2025-08-22 05:09:34,509 - Knowledge - INFO - persist ingested knowledge for /app/data/b2c/9652/b7831ap/rialto-gstreamer-9652/source/BufferParser.h
2025-08-22 05:09:34,588 - Knowledge - INFO - process ingested knowledge for /app/data/b2c/9652/b7831ap/rialto-gstreamer-9652/source/MediaPlayerClientBackendInterface.h
2025-08-22 05:09:34,605 - Knowledge - INFO - adding /app/data/b2c/9652/b7831ap/rialto-gstreamer-9652/source/GStreamerMSEMediaPlayerClient.cpp to ingest queue
2025-08-22 05:09:34,605 - Knowledge - INFO - Found code-base-name: https://github.com/kavia-common/rialto-gstreamer-9652.git:kavia-6.0.0-rc1
2025-08-22 05:09:34,605 - Knowledge - INFO - Found code_base: <app.utils.kg_build.knowledge.KnowledgeCodeBase object at 0x7f818878d850>
2025-08-22 05:09:34,605 - Knowledge - INFO - persist ingested knowledge for /app/data/b2c/9652/b7831ap/rialto-gstreamer-9652/source/MediaPlayerManager.cpp
2025-08-22 05:09:34,606 - Knowledge - INFO - Found code-base-name: https://github.com/kavia-common/rialto-gstreamer-9652.git:kavia-6.0.0-rc1
2025-08-22 05:09:34,606 - Knowledge - INFO - Found code_base: <app.utils.kg_build.knowledge.KnowledgeCodeBase object at 0x7f818878d850>
2025-08-22 05:09:34,606 - Knowledge - INFO - persist ingested knowledge for /app/data/b2c/9652/b7831ap/rialto-gstreamer-9652/source/GStreamerEMEUtils.cpp
2025-08-22 05:09:34,606 - Knowledge - INFO - Found code-base-name: https://github.com/kavia-common/rialto-gstreamer-9652.git:kavia-6.0.0-rc1
2025-08-22 05:09:34,606 - Knowledge - INFO - Found code_base: <app.utils.kg_build.knowledge.KnowledgeCodeBase object at 0x7f818878d850>
2025-08-22 05:09:34,606 - Knowledge - INFO - persist ingested knowledge for /app/data/b2c/9652/b7831ap/rialto-gstreamer-9652/source/RialtoGStreamerMSEBaseSinkPrivate.h
2025-08-22 05:09:34,706 - Knowledge - INFO - adding /app/data/b2c/9652/b7831ap/rialto-gstreamer-9652/source/RialtoGStreamerMSEAudioSink.cpp to ingest queue
2025-08-22 05:09:34,801 - Knowledge - INFO - worker kw14 pull /app/data/b2c/9652/b7831ap/rialto-gstreamer-9652/source/RialtoGStreamerWebAudioSink.cpp from ingest queue
2025-08-22 05:09:34,801 - Knowledge - INFO - adding /app/data/b2c/9652/b7831ap/rialto-gstreamer-9652/source/MediaPlayerClientBackend.h to ingest queue
2025-08-22 05:09:34,802 - Knowledge - INFO - adding /app/data/b2c/9652/b7831ap/rialto-gstreamer-9652/source/Timer.cpp to ingest queue
2025-08-22 05:09:34,802 - Knowledge - INFO - worker kw17 pull /app/data/b2c/9652/b7831ap/rialto-gstreamer-9652/source/GStreamerWebAudioPlayerClient.cpp from ingest queue
2025-08-22 05:09:34,881 - Knowledge - INFO - process ingested knowledge for /app/data/b2c/9652/b7831ap/rialto-gstreamer-9652/source/RialtoGStreamerWebAudioSink.cpp
2025-08-22 05:09:34,896 - Knowledge - INFO - process ingested knowledge for /app/data/b2c/9652/b7831ap/rialto-gstreamer-9652/source/GStreamerWebAudioPlayerClient.cpp
2025-08-22 05:09:34,921 - Knowledge - INFO - adding /app/data/b2c/9652/b7831ap/rialto-gstreamer-9652/source/GStreamerMSEUtils.h to ingest queue
2025-08-22 05:09:34,922 - Knowledge - INFO - worker kw25 pull /app/data/b2c/9652/b7831ap/rialto-gstreamer-9652/source/RialtoGStreamerMSEVideoSink.cpp from ingest queue
2025-08-22 05:09:34,922 - Knowledge - INFO - worker kw3 pull /app/data/b2c/9652/b7831ap/rialto-gstreamer-9652/source/RialtoGStreamerMSEVideoSinkPrivate.h from ingest queue
2025-08-22 05:09:34,965 - Knowledge - INFO - Found code-base-name: https://github.com/kavia-common/rialto-gstreamer-9652.git:kavia-6.0.0-rc1
2025-08-22 05:09:34,965 - Knowledge - INFO - Found code_base: <app.utils.kg_build.knowledge.KnowledgeCodeBase object at 0x7f818878d850>
2025-08-22 05:09:34,965 - Knowledge - INFO - persist ingested knowledge for /app/data/b2c/9652/b7831ap/rialto-gstreamer-9652/source/RialtoGStreamerMSEBaseSink.cpp
2025-08-22 05:09:34,966 - Knowledge - INFO - adding /app/data/b2c/9652/b7831ap/rialto-gstreamer-9652/source/BufferParser.cpp to ingest queue
2025-08-22 05:09:34,997 - Knowledge - INFO - process ingested knowledge for /app/data/b2c/9652/b7831ap/rialto-gstreamer-9652/source/RialtoGStreamerMSEVideoSinkPrivate.h
2025-08-22 05:09:34,998 - Knowledge - INFO - process ingested knowledge for /app/data/b2c/9652/b7831ap/rialto-gstreamer-9652/source/RialtoGStreamerMSEVideoSink.cpp
2025-08-22 05:09:35,165 - Knowledge - INFO - Found code-base-name: https://github.com/kavia-common/rialto-gstreamer-9652.git:kavia-6.0.0-rc1
2025-08-22 05:09:35,165 - Knowledge - INFO - Found code_base: <app.utils.kg_build.knowledge.KnowledgeCodeBase object at 0x7f818878d850>
2025-08-22 05:09:35,165 - Knowledge - INFO - persist ingested knowledge for /app/data/b2c/9652/b7831ap/rialto-gstreamer-9652/source/MediaPlayerClientBackendInterface.h
2025-08-22 05:09:35,165 - Knowledge - INFO - worker kw16 pull /app/data/b2c/9652/b7831ap/rialto-gstreamer-9652/source/Timer.h from ingest queue
2025-08-22 05:09:35,166 - Knowledge - INFO - adding /app/data/b2c/9652/b7831ap/rialto-gstreamer-9652/source/GStreamerWebAudioPlayerClient.h to ingest queue
2025-08-22 05:09:35,197 - Knowledge - INFO - process ingested knowledge for /app/data/b2c/9652/b7831ap/rialto-gstreamer-9652/source/Timer.h
2025-08-22 05:09:35,370 - Knowledge - INFO - adding /app/data/b2c/9652/b7831ap/rialto-gstreamer-9652/source/GStreamerMSEMediaPlayerClient.h to ingest queue
2025-08-22 05:09:35,371 - Knowledge - INFO - worker kw19 pull /app/data/b2c/9652/b7831ap/rialto-gstreamer-9652/source/RialtoGStreamerMSEAudioSink.h from ingest queue
2025-08-22 05:09:35,372 - Knowledge - INFO - worker kw22 pull /app/data/b2c/9652/b7831ap/rialto-gstreamer-9652/source/ControlBackend.h from ingest queue
2025-08-22 05:09:35,373 - Knowledge - INFO - Found code-base-name: https://github.com/kavia-common/rialto-gstreamer-9652.git:kavia-6.0.0-rc1
2025-08-22 05:09:35,373 - Knowledge - INFO - Found code_base: <app.utils.kg_build.knowledge.KnowledgeCodeBase object at 0x7f818878d850>
2025-08-22 05:09:35,374 - Knowledge - INFO - persist ingested knowledge for /app/data/b2c/9652/b7831ap/rialto-gstreamer-9652/source/RialtoGStreamerWebAudioSink.cpp
2025-08-22 05:09:35,376 - Knowledge - INFO - Found code-base-name: https://github.com/kavia-common/rialto-gstreamer-9652.git:kavia-6.0.0-rc1
2025-08-22 05:09:35,377 - Knowledge - INFO - Found code_base: <app.utils.kg_build.knowledge.KnowledgeCodeBase object at 0x7f818878d850>
2025-08-22 05:09:35,377 - Knowledge - INFO - persist ingested knowledge for /app/data/b2c/9652/b7831ap/rialto-gstreamer-9652/source/GStreamerWebAudioPlayerClient.cpp
2025-08-22 05:09:35,377 - Knowledge - INFO - worker kw23 pull /app/data/b2c/9652/b7831ap/rialto-gstreamer-9652/docs/index.html from ingest queue
2025-08-22 05:09:35,377 - Knowledge - INFO - adding /app/data/b2c/9652/b7831ap/rialto-gstreamer-9652/source/WebAudioClientBackend.h to ingest queue
2025-08-22 05:09:35,379 - Knowledge - INFO - worker kw10 pull /app/data/b2c/9652/b7831ap/rialto-gstreamer-9652/cppcheck_suppressions.xml from ingest queue
2025-08-22 05:09:35,381 - Knowledge - INFO - Found code-base-name: https://github.com/kavia-common/rialto-gstreamer-9652.git:kavia-6.0.0-rc1
2025-08-22 05:09:35,382 - Knowledge - INFO - Found code_base: <app.utils.kg_build.knowledge.KnowledgeCodeBase object at 0x7f818878d850>
2025-08-22 05:09:35,382 - Knowledge - INFO - persist ingested knowledge for /app/data/b2c/9652/b7831ap/rialto-gstreamer-9652/source/RialtoGStreamerMSEVideoSinkPrivate.h
2025-08-22 05:09:35,384 - Knowledge - INFO - Found code-base-name: https://github.com/kavia-common/rialto-gstreamer-9652.git:kavia-6.0.0-rc1
2025-08-22 05:09:35,384 - Knowledge - INFO - Found code_base: <app.utils.kg_build.knowledge.KnowledgeCodeBase object at 0x7f818878d850>
2025-08-22 05:09:35,384 - Knowledge - INFO - persist ingested knowledge for /app/data/b2c/9652/b7831ap/rialto-gstreamer-9652/source/RialtoGStreamerMSEVideoSink.cpp
2025-08-22 05:09:35,468 - Knowledge - INFO - process ingested knowledge for /app/data/b2c/9652/b7831ap/rialto-gstreamer-9652/cppcheck_suppressions.xml
2025-08-22 05:09:35,470 - Knowledge - INFO - process ingested knowledge for /app/data/b2c/9652/b7831ap/rialto-gstreamer-9652/docs/index.html
2025-08-22 05:09:35,478 - Knowledge - INFO - process ingested knowledge for /app/data/b2c/9652/b7831ap/rialto-gstreamer-9652/source/RialtoGStreamerMSEAudioSink.h
2025-08-22 05:09:35,479 - Knowledge - INFO - process ingested knowledge for /app/data/b2c/9652/b7831ap/rialto-gstreamer-9652/source/ControlBackend.h
2025-08-22 05:09:35,510 - Knowledge - INFO - adding /app/data/b2c/9652/b7831ap/rialto-gstreamer-9652/source/BufferParser.h to ingest queue
2025-08-22 05:09:35,617 - Knowledge - INFO - worker kw18 pull /app/data/b2c/9652/b7831ap/rialto-gstreamer-9652/README.md from ingest queue
2025-08-22 05:09:35,618 - Knowledge - INFO - adding /app/data/b2c/9652/b7831ap/rialto-gstreamer-9652/source/GStreamerEMEUtils.cpp to ingest queue
2025-08-22 05:09:35,618 - Knowledge - INFO - worker kw7 pull /app/data/b2c/9652/b7831ap/rialto-gstreamer-9652/tests/third-party/CMakeLists.txt from ingest queue
2025-08-22 05:09:35,619 - Knowledge - INFO - adding /app/data/b2c/9652/b7831ap/rialto-gstreamer-9652/source/RialtoGStreamerMSEBaseSinkPrivate.h to ingest queue
2025-08-22 05:09:35,679 - Knowledge - INFO - process ingested knowledge for /app/data/b2c/9652/b7831ap/rialto-gstreamer-9652/tests/third-party/CMakeLists.txt
2025-08-22 05:09:35,691 - Knowledge - INFO - process ingested knowledge for /app/data/b2c/9652/b7831ap/rialto-gstreamer-9652/README.md
2025-08-22 05:09:35,717 - Knowledge - INFO - worker kw20 pull /app/data/b2c/9652/b7831ap/rialto-gstreamer-9652/tests/third-party/source/ControlFactory.cpp from ingest queue
2025-08-22 05:09:35,810 - Knowledge - INFO - process ingested knowledge for /app/data/b2c/9652/b7831ap/rialto-gstreamer-9652/tests/third-party/source/ControlFactory.cpp
2025-08-22 05:09:35,870 - Knowledge - INFO - worker kw24 pull /app/data/b2c/9652/b7831ap/rialto-gstreamer-9652/tests/third-party/source/WebAudioPlayerFactory.cpp from ingest queue
2025-08-22 05:09:35,908 - Knowledge - INFO - process ingested knowledge for /app/data/b2c/9652/b7831ap/rialto-gstreamer-9652/tests/third-party/source/WebAudioPlayerFactory.cpp
2025-08-22 05:09:35,983 - Knowledge - INFO - worker kw13 pull /app/data/b2c/9652/b7831ap/rialto-gstreamer-9652/tests/third-party/source/MediaPipelineCapabilitiesFactory.cpp from ingest queue
2025-08-22 05:09:36,014 - Knowledge - INFO - process ingested knowledge for /app/data/b2c/9652/b7831ap/rialto-gstreamer-9652/tests/third-party/source/MediaPipelineCapabilitiesFactory.cpp
2025-08-22 05:09:36,099 - Knowledge - INFO - Found code-base-name: https://github.com/kavia-common/rialto-gstreamer-9652.git:kavia-6.0.0-rc1
2025-08-22 05:09:36,099 - Knowledge - INFO - Found code_base: <app.utils.kg_build.knowledge.KnowledgeCodeBase object at 0x7f818878d850>
2025-08-22 05:09:36,099 - Knowledge - INFO - persist ingested knowledge for /app/data/b2c/9652/b7831ap/rialto-gstreamer-9652/cppcheck_suppressions.xml
2025-08-22 05:09:36,100 - Knowledge - INFO - Found code-base-name: https://github.com/kavia-common/rialto-gstreamer-9652.git:kavia-6.0.0-rc1
2025-08-22 05:09:36,100 - Knowledge - INFO - Found code_base: <app.utils.kg_build.knowledge.KnowledgeCodeBase object at 0x7f818878d850>
2025-08-22 05:09:36,100 - Knowledge - INFO - persist ingested knowledge for /app/data/b2c/9652/b7831ap/rialto-gstreamer-9652/docs/index.html
2025-08-22 05:09:36,100 - Knowledge - INFO - Found code-base-name: https://github.com/kavia-common/rialto-gstreamer-9652.git:kavia-6.0.0-rc1
2025-08-22 05:09:36,100 - Knowledge - INFO - Found code_base: <app.utils.kg_build.knowledge.KnowledgeCodeBase object at 0x7f818878d850>
2025-08-22 05:09:36,100 - Knowledge - INFO - persist ingested knowledge for /app/data/b2c/9652/b7831ap/rialto-gstreamer-9652/source/ControlBackend.h
2025-08-22 05:09:36,100 - Knowledge - INFO - Found code-base-name: https://github.com/kavia-common/rialto-gstreamer-9652.git:kavia-6.0.0-rc1
2025-08-22 05:09:36,100 - Knowledge - INFO - Found code_base: <app.utils.kg_build.knowledge.KnowledgeCodeBase object at 0x7f818878d850>
2025-08-22 05:09:36,101 - Knowledge - INFO - persist ingested knowledge for /app/data/b2c/9652/b7831ap/rialto-gstreamer-9652/source/RialtoGStreamerMSEAudioSink.h
2025-08-22 05:09:36,190 - Knowledge - INFO - worker kw5 pull /app/data/b2c/9652/b7831ap/rialto-gstreamer-9652/tests/third-party/source/MediaPipelineFactory.cpp from ingest queue
2025-08-22 05:09:36,191 - Knowledge - INFO - adding /app/data/b2c/9652/b7831ap/rialto-gstreamer-9652/source/MediaPlayerManager.cpp to ingest queue
2025-08-22 05:09:36,192 - Knowledge - INFO - Found code-base-name: https://github.com/kavia-common/rialto-gstreamer-9652.git:kavia-6.0.0-rc1
2025-08-22 05:09:36,192 - Knowledge - INFO - Found code_base: <app.utils.kg_build.knowledge.KnowledgeCodeBase object at 0x7f818878d850>
2025-08-22 05:09:36,192 - Knowledge - INFO - persist ingested knowledge for /app/data/b2c/9652/b7831ap/rialto-gstreamer-9652/source/Timer.h
2025-08-22 05:09:36,192 - Knowledge - INFO - adding /app/data/b2c/9652/b7831ap/rialto-gstreamer-9652/source/GStreamerUtils.h to ingest queue
2025-08-22 05:09:36,192 - Knowledge - INFO - adding /app/data/b2c/9652/b7831ap/rialto-gstreamer-9652/source/MediaPlayerClientBackendInterface.h to ingest queue
2025-08-22 05:09:36,193 - Knowledge - INFO - worker kw21 pull /app/data/b2c/9652/b7831ap/rialto-gstreamer-9652/tests/ut/MediaPlayerClientBackendTests.cpp from ingest queue
2025-08-22 05:09:36,196 - Knowledge - INFO - Found code-base-name: https://github.com/kavia-common/rialto-gstreamer-9652.git:kavia-6.0.0-rc1
2025-08-22 05:09:36,197 - Knowledge - INFO - Found code_base: <app.utils.kg_build.knowledge.KnowledgeCodeBase object at 0x7f818878d850>
2025-08-22 05:09:36,197 - Knowledge - INFO - persist ingested knowledge for /app/data/b2c/9652/b7831ap/rialto-gstreamer-9652/README.md
2025-08-22 05:09:36,272 - Knowledge - INFO - process ingested knowledge for /app/data/b2c/9652/b7831ap/rialto-gstreamer-9652/tests/third-party/source/MediaPipelineFactory.cpp
2025-08-22 05:09:36,273 - Knowledge - INFO - process ingested knowledge for /app/data/b2c/9652/b7831ap/rialto-gstreamer-9652/tests/ut/MediaPlayerClientBackendTests.cpp
2025-08-22 05:09:36,309 - Knowledge - INFO - adding /app/data/b2c/9652/b7831ap/rialto-gstreamer-9652/source/GStreamerMSEUtils.cpp to ingest queue
2025-08-22 05:09:36,310 - Knowledge - INFO - Found code-base-name: https://github.com/kavia-common/rialto-gstreamer-9652.git:kavia-6.0.0-rc1
2025-08-22 05:09:36,310 - Knowledge - INFO - Found code_base: <app.utils.kg_build.knowledge.KnowledgeCodeBase object at 0x7f818878d850>
2025-08-22 05:09:36,310 - Knowledge - INFO - persist ingested knowledge for /app/data/b2c/9652/b7831ap/rialto-gstreamer-9652/tests/third-party/source/ControlFactory.cpp
2025-08-22 05:09:36,310 - Knowledge - INFO - adding /app/data/b2c/9652/b7831ap/rialto-gstreamer-9652/source/RialtoGStreamerWebAudioSink.cpp to ingest queue
2025-08-22 05:09:36,310 - Knowledge - INFO - Found code-base-name: https://github.com/kavia-common/rialto-gstreamer-9652.git:kavia-6.0.0-rc1
2025-08-22 05:09:36,311 - Knowledge - INFO - Found code_base: <app.utils.kg_build.knowledge.KnowledgeCodeBase object at 0x7f818878d850>
2025-08-22 05:09:36,311 - Knowledge - INFO - persist ingested knowledge for /app/data/b2c/9652/b7831ap/rialto-gstreamer-9652/tests/third-party/source/WebAudioPlayerFactory.cpp
2025-08-22 05:09:36,311 - Knowledge - INFO - adding /app/data/b2c/9652/b7831ap/rialto-gstreamer-9652/source/RialtoGStreamerMSEBaseSink.cpp to ingest queue
2025-08-22 05:09:36,311 - Knowledge - INFO - Found code-base-name: https://github.com/kavia-common/rialto-gstreamer-9652.git:kavia-6.0.0-rc1
2025-08-22 05:09:36,311 - Knowledge - INFO - Found code_base: <app.utils.kg_build.knowledge.KnowledgeCodeBase object at 0x7f818878d850>
2025-08-22 05:09:36,311 - Knowledge - INFO - persist ingested knowledge for /app/data/b2c/9652/b7831ap/rialto-gstreamer-9652/tests/third-party/source/MediaPipelineCapabilitiesFactory.cpp
2025-08-22 05:09:36,311 - Knowledge - INFO - adding /app/data/b2c/9652/b7831ap/rialto-gstreamer-9652/source/RialtoGStreamerMSEVideoSinkPrivate.h to ingest queue
2025-08-22 05:09:36,429 - Knowledge - INFO - adding /app/data/b2c/9652/b7831ap/rialto-gstreamer-9652/docs/index.html to ingest queue
2025-08-22 05:09:36,429 - Knowledge - INFO - adding /app/data/b2c/9652/b7831ap/rialto-gstreamer-9652/source/RialtoGStreamerMSEVideoSink.cpp to ingest queue
2025-08-22 05:09:36,429 - Knowledge - INFO - worker kw25 pull /app/data/b2c/9652/b7831ap/rialto-gstreamer-9652/tests/ut/GStreamerEmeUtilsTests.cpp from ingest queue
2025-08-22 05:09:36,430 - Knowledge - INFO - worker kw6 pull /app/data/b2c/9652/b7831ap/rialto-gstreamer-9652/tests/ut/CMakeLists.txt from ingest queue
2025-08-22 05:09:36,465 - Knowledge - INFO - worker kw1 pull /app/data/b2c/9652/b7831ap/rialto-gstreamer-9652/tests/ut/ControlBackendTests.cpp from ingest queue
2025-08-22 05:09:36,480 - Knowledge - INFO - worker kw11 pull /app/data/b2c/9652/b7831ap/rialto-gstreamer-9652/tests/ut/BufferParserTests.cpp from ingest queue
2025-08-22 05:09:36,482 - Knowledge - INFO - Found code-base-name: https://github.com/kavia-common/rialto-gstreamer-9652.git:kavia-6.0.0-rc1
2025-08-22 05:09:36,482 - Knowledge - INFO - Found code_base: <app.utils.kg_build.knowledge.KnowledgeCodeBase object at 0x7f818878d850>
2025-08-22 05:09:36,482 - Knowledge - INFO - persist ingested knowledge for /app/data/b2c/9652/b7831ap/rialto-gstreamer-9652/tests/third-party/CMakeLists.txt
2025-08-22 05:09:36,504 - Knowledge - INFO - process ingested knowledge for /app/data/b2c/9652/b7831ap/rialto-gstreamer-9652/tests/ut/CMakeLists.txt
2025-08-22 05:09:36,565 - Knowledge - INFO - process ingested knowledge for /app/data/b2c/9652/b7831ap/rialto-gstreamer-9652/tests/ut/ControlBackendTests.cpp
2025-08-22 05:09:36,565 - Knowledge - INFO - process ingested knowledge for /app/data/b2c/9652/b7831ap/rialto-gstreamer-9652/tests/ut/BufferParserTests.cpp
2025-08-22 05:09:36,566 - Knowledge - INFO - process ingested knowledge for /app/data/b2c/9652/b7831ap/rialto-gstreamer-9652/tests/ut/GStreamerEmeUtilsTests.cpp
2025-08-22 05:09:36,704 - Knowledge - INFO - adding /app/data/b2c/9652/b7831ap/rialto-gstreamer-9652/README.md to ingest queue
2025-08-22 05:09:36,705 - Knowledge - INFO - Found code-base-name: https://github.com/kavia-common/rialto-gstreamer-9652.git:kavia-6.0.0-rc1
2025-08-22 05:09:36,705 - Knowledge - INFO - Found code_base: <app.utils.kg_build.knowledge.KnowledgeCodeBase object at 0x7f818878d850>
2025-08-22 05:09:36,705 - Knowledge - INFO - persist ingested knowledge for /app/data/b2c/9652/b7831ap/rialto-gstreamer-9652/tests/ut/MediaPlayerClientBackendTests.cpp
2025-08-22 05:09:36,705 - Knowledge - INFO - worker kw2 pull /app/data/b2c/9652/b7831ap/rialto-gstreamer-9652/tests/ut/WebAudioClientBackendTests.cpp from ingest queue
2025-08-22 05:09:36,705 - Knowledge - INFO - adding /app/data/b2c/9652/b7831ap/rialto-gstreamer-9652/source/GStreamerWebAudioPlayerClient.cpp to ingest queue
2025-08-22 05:09:36,768 - Knowledge - INFO - process ingested knowledge for /app/data/b2c/9652/b7831ap/rialto-gstreamer-9652/tests/ut/WebAudioClientBackendTests.cpp
2025-08-22 05:09:36,806 - Knowledge - INFO - adding /app/data/b2c/9652/b7831ap/rialto-gstreamer-9652/source/RialtoGSteamerPlugin.cpp to ingest queue
2025-08-22 05:09:36,893 - Knowledge - INFO - adding /app/data/b2c/9652/b7831ap/rialto-gstreamer-9652/tests/third-party/source/WebAudioPlayerFactory.cpp to ingest queue
2025-08-22 05:09:36,893 - Knowledge - INFO - worker kw24 pull /app/data/b2c/9652/b7831ap/rialto-gstreamer-9652/tests/ut/GStreamerUtilsTests.cpp from ingest queue
2025-08-22 05:09:36,976 - Knowledge - INFO - process ingested knowledge for /app/data/b2c/9652/b7831ap/rialto-gstreamer-9652/tests/ut/GStreamerUtilsTests.cpp
2025-08-22 05:09:37,107 - Knowledge - INFO - worker kw23 pull /app/data/b2c/9652/b7831ap/rialto-gstreamer-9652/tests/mocks/MediaPipelineCapabilitiesMock.h from ingest queue
2025-08-22 05:09:37,109 - Knowledge - INFO - worker kw9 pull /app/data/b2c/9652/b7831ap/rialto-gstreamer-9652/tests/mocks/WebAudioPlayerClientMock.h from ingest queue
2025-08-22 05:09:37,110 - Knowledge - INFO - worker kw4 pull /app/data/b2c/9652/b7831ap/rialto-gstreamer-9652/tests/mocks/MediaPipelineMock.h from ingest queue
2025-08-22 05:09:37,111 - Knowledge - INFO - Found code-base-name: https://github.com/kavia-common/rialto-gstreamer-9652.git:kavia-6.0.0-rc1
2025-08-22 05:09:37,111 - Knowledge - INFO - Found code_base: <app.utils.kg_build.knowledge.KnowledgeCodeBase object at 0x7f818878d850>
2025-08-22 05:09:37,111 - Knowledge - INFO - persist ingested knowledge for /app/data/b2c/9652/b7831ap/rialto-gstreamer-9652/tests/ut/CMakeLists.txt
2025-08-22 05:09:37,112 - Knowledge - INFO - Found code-base-name: https://github.com/kavia-common/rialto-gstreamer-9652.git:kavia-6.0.0-rc1
2025-08-22 05:09:37,112 - Knowledge - INFO - Found code_base: <app.utils.kg_build.knowledge.KnowledgeCodeBase object at 0x7f818878d850>
2025-08-22 05:09:37,112 - Knowledge - INFO - persist ingested knowledge for /app/data/b2c/9652/b7831ap/rialto-gstreamer-9652/tests/ut/ControlBackendTests.cpp
2025-08-22 05:09:37,113 - Knowledge - INFO - Found code-base-name: https://github.com/kavia-common/rialto-gstreamer-9652.git:kavia-6.0.0-rc1
2025-08-22 05:09:37,113 - Knowledge - INFO - Found code_base: <app.utils.kg_build.knowledge.KnowledgeCodeBase object at 0x7f818878d850>
2025-08-22 05:09:37,113 - Knowledge - INFO - persist ingested knowledge for /app/data/b2c/9652/b7831ap/rialto-gstreamer-9652/tests/ut/BufferParserTests.cpp
2025-08-22 05:09:37,114 - Knowledge - INFO - Found code-base-name: https://github.com/kavia-common/rialto-gstreamer-9652.git:kavia-6.0.0-rc1
2025-08-22 05:09:37,114 - Knowledge - INFO - Found code_base: <app.utils.kg_build.knowledge.KnowledgeCodeBase object at 0x7f818878d850>
2025-08-22 05:09:37,114 - Knowledge - INFO - persist ingested knowledge for /app/data/b2c/9652/b7831ap/rialto-gstreamer-9652/tests/ut/GStreamerEmeUtilsTests.cpp
2025-08-22 05:09:37,114 - Knowledge - INFO - adding /app/data/b2c/9652/b7831ap/rialto-gstreamer-9652/tests/third-party/CMakeLists.txt to ingest queue
2025-08-22 05:09:37,115 - Knowledge - INFO - worker kw12 pull /app/data/b2c/9652/b7831ap/rialto-gstreamer-9652/tests/mocks/CMakeLists.txt from ingest queue
2025-08-22 05:09:37,116 - Knowledge - INFO - Found code-base-name: https://github.com/kavia-common/rialto-gstreamer-9652.git:kavia-6.0.0-rc1
2025-08-22 05:09:37,116 - Knowledge - INFO - Found code_base: <app.utils.kg_build.knowledge.KnowledgeCodeBase object at 0x7f818878d850>
2025-08-22 05:09:37,116 - Knowledge - INFO - persist ingested knowledge for /app/data/b2c/9652/b7831ap/rialto-gstreamer-9652/tests/third-party/source/MediaPipelineFactory.cpp
2025-08-22 05:09:37,180 - Knowledge - INFO - process ingested knowledge for /app/data/b2c/9652/b7831ap/rialto-gstreamer-9652/tests/mocks/MediaPipelineMock.h
2025-08-22 05:09:37,192 - Knowledge - INFO - process ingested knowledge for /app/data/b2c/9652/b7831ap/rialto-gstreamer-9652/tests/mocks/CMakeLists.txt
2025-08-22 05:09:37,193 - Knowledge - INFO - process ingested knowledge for /app/data/b2c/9652/b7831ap/rialto-gstreamer-9652/tests/mocks/MediaPipelineCapabilitiesMock.h
2025-08-22 05:09:37,194 - Knowledge - INFO - process ingested knowledge for /app/data/b2c/9652/b7831ap/rialto-gstreamer-9652/tests/mocks/WebAudioPlayerClientMock.h
2025-08-22 05:09:37,268 - Knowledge - INFO - worker kw14 pull /app/data/b2c/9652/b7831ap/rialto-gstreamer-9652/tests/mocks/ControlMock.h from ingest queue
2025-08-22 05:09:37,268 - Knowledge - INFO - worker kw17 pull /app/data/b2c/9652/b7831ap/rialto-gstreamer-9652/tests/mocks/MediaPipelineClientMock.h from ingest queue
2025-08-22 05:09:37,270 - Knowledge - INFO - Found code-base-name: https://github.com/kavia-common/rialto-gstreamer-9652.git:kavia-6.0.0-rc1
2025-08-22 05:09:37,270 - Knowledge - INFO - Found code_base: <app.utils.kg_build.knowledge.KnowledgeCodeBase object at 0x7f818878d850>
2025-08-22 05:09:37,270 - Knowledge - INFO - persist ingested knowledge for /app/data/b2c/9652/b7831ap/rialto-gstreamer-9652/tests/ut/WebAudioClientBackendTests.cpp
2025-08-22 05:09:37,271 - Knowledge - INFO - worker kw8 pull /app/data/b2c/9652/b7831ap/rialto-gstreamer-9652/tests/mocks/WebAudioPlayerMock.h from ingest queue
2025-08-22 05:09:37,306 - Knowledge - INFO - process ingested knowledge for /app/data/b2c/9652/b7831ap/rialto-gstreamer-9652/tests/mocks/WebAudioPlayerMock.h
2025-08-22 05:09:37,307 - Knowledge - INFO - process ingested knowledge for /app/data/b2c/9652/b7831ap/rialto-gstreamer-9652/tests/mocks/ControlMock.h
2025-08-22 05:09:37,366 - Knowledge - INFO - process ingested knowledge for /app/data/b2c/9652/b7831ap/rialto-gstreamer-9652/tests/mocks/MediaPipelineClientMock.h
2025-08-22 05:09:37,395 - Knowledge - INFO - adding /app/data/b2c/9652/b7831ap/rialto-gstreamer-9652/tests/third-party/source/ControlFactory.cpp to ingest queue
2025-08-22 05:09:37,492 - Knowledge - INFO - worker kw15 pull /app/data/b2c/9652/b7831ap/rialto-gstreamer-9652/CONTRIBUTING.md from ingest queue
2025-08-22 05:09:37,492 - Knowledge - INFO - Found code-base-name: https://github.com/kavia-common/rialto-gstreamer-9652.git:kavia-6.0.0-rc1
2025-08-22 05:09:37,492 - Knowledge - INFO - Found code_base: <app.utils.kg_build.knowledge.KnowledgeCodeBase object at 0x7f818878d850>
2025-08-22 05:09:37,492 - Knowledge - INFO - persist ingested knowledge for /app/data/b2c/9652/b7831ap/rialto-gstreamer-9652/tests/ut/GStreamerUtilsTests.cpp
2025-08-22 05:09:37,493 - Knowledge - INFO - adding /app/data/b2c/9652/b7831ap/rialto-gstreamer-9652/source/ControlBackend.h to ingest queue
2025-08-22 05:09:37,518 - Knowledge - INFO - process ingested knowledge for /app/data/b2c/9652/b7831ap/rialto-gstreamer-9652/CONTRIBUTING.md
2025-08-22 05:09:37,915 - Knowledge - INFO - worker kw18 pull /app/data/b2c/9652/b7831ap/rialto-gstreamer-9652/CHANGELOG.md from ingest queue
2025-08-22 05:09:37,916 - Knowledge - INFO - worker kw7 pull /app/data/b2c/9652/b7831ap/rialto-gstreamer-9652/build_ut.py from ingest queue
2025-08-22 05:09:37,985 - Knowledge - INFO - process ingested knowledge for /app/data/b2c/9652/b7831ap/rialto-gstreamer-9652/build_ut.py
2025-08-22 05:09:37,995 - Knowledge - INFO - process ingested knowledge for /app/data/b2c/9652/b7831ap/rialto-gstreamer-9652/CHANGELOG.md
2025-08-22 05:09:38,069 - Knowledge - INFO - adding /app/data/b2c/9652/b7831ap/rialto-gstreamer-9652/tests/third-party/source/MediaPipelineFactory.cpp to ingest queue
2025-08-22 05:09:38,070 - Knowledge - INFO - Found code-base-name: https://github.com/kavia-common/rialto-gstreamer-9652.git:kavia-6.0.0-rc1
2025-08-22 05:09:38,070 - Knowledge - INFO - Found code_base: <app.utils.kg_build.knowledge.KnowledgeCodeBase object at 0x7f818878d850>
2025-08-22 05:09:38,070 - Knowledge - INFO - persist ingested knowledge for /app/data/b2c/9652/b7831ap/rialto-gstreamer-9652/tests/mocks/CMakeLists.txt
2025-08-22 05:09:38,070 - Knowledge - INFO - Found code-base-name: https://github.com/kavia-common/rialto-gstreamer-9652.git:kavia-6.0.0-rc1
2025-08-22 05:09:38,070 - Knowledge - INFO - Found code_base: <app.utils.kg_build.knowledge.KnowledgeCodeBase object at 0x7f818878d850>
2025-08-22 05:09:38,070 - Knowledge - INFO - persist ingested knowledge for /app/data/b2c/9652/b7831ap/rialto-gstreamer-9652/tests/mocks/WebAudioPlayerClientMock.h
2025-08-22 05:09:38,070 - Knowledge - INFO - adding /app/data/b2c/9652/b7831ap/rialto-gstreamer-9652/tests/ut/MediaPlayerClientBackendTests.cpp to ingest queue
2025-08-22 05:09:38,165 - Knowledge - INFO - Found code-base-name: https://github.com/kavia-common/rialto-gstreamer-9652.git:kavia-6.0.0-rc1
2025-08-22 05:09:38,165 - Knowledge - INFO - Found code_base: <app.utils.kg_build.knowledge.KnowledgeCodeBase object at 0x7f818878d850>
2025-08-22 05:09:38,165 - Knowledge - INFO - persist ingested knowledge for /app/data/b2c/9652/b7831ap/rialto-gstreamer-9652/tests/mocks/WebAudioPlayerMock.h
2025-08-22 05:09:38,165 - Knowledge - INFO - Found code-base-name: https://github.com/kavia-common/rialto-gstreamer-9652.git:kavia-6.0.0-rc1
2025-08-22 05:09:38,166 - Knowledge - INFO - Found code_base: <app.utils.kg_build.knowledge.KnowledgeCodeBase object at 0x7f818878d850>
2025-08-22 05:09:38,166 - Knowledge - INFO - persist ingested knowledge for /app/data/b2c/9652/b7831ap/rialto-gstreamer-9652/tests/mocks/MediaPipelineClientMock.h
2025-08-22 05:09:38,166 - Knowledge - INFO - worker kw20 pull /app/data/b2c/9652/b7831ap/rialto-gstreamer-9652/scripts/valgrind/process_valgrind_results.py from ingest queue
2025-08-22 05:09:38,166 - Knowledge - INFO - Thread kw20 - File process_valgrind_results.py - Remaining files in queue: 47
2025-08-22 05:09:38,166 - Knowledge - INFO - start ingest for /app/data/b2c/9652/b7831ap/rialto-gstreamer-9652/scripts/valgrind/process_valgrind_results.py
2025-08-22 05:09:38,167 - Knowledge - INFO - worker kw3 pull /app/data/b2c/9652/b7831ap/rialto-gstreamer-9652/scripts/clang-format/process_clang-format_errors.py from ingest queue
2025-08-22 05:09:38,167 - Knowledge - INFO - Thread kw3 - File process_clang-format_errors.py - Remaining files in queue: 46
2025-08-22 05:09:38,167 - Knowledge - INFO - start ingest for /app/data/b2c/9652/b7831ap/rialto-gstreamer-9652/scripts/clang-format/process_clang-format_errors.py
2025-08-22 05:09:38,168 - Knowledge - INFO - adding /app/data/b2c/9652/b7831ap/rialto-gstreamer-9652/cppcheck_suppressions.xml to ingest queue
2025-08-22 05:09:38,168 - Knowledge - INFO - adding /app/data/b2c/9652/b7831ap/rialto-gstreamer-9652/tests/third-party/source/MediaPipelineCapabilitiesFactory.cpp to ingest queue
2025-08-22 05:09:38,168 - Knowledge - INFO - worker kw22 pull /app/data/b2c/9652/b7831ap/rialto-gstreamer-9652/source/RialtoGStreamerMSEBaseSink.h from ingest queue
2025-08-22 05:09:38,169 - Knowledge - INFO - Thread kw22 - File RialtoGStreamerMSEBaseSink.h - Remaining files in queue: 47
2025-08-22 05:09:38,169 - Knowledge - INFO - start ingest for /app/data/b2c/9652/b7831ap/rialto-gstreamer-9652/source/RialtoGStreamerMSEBaseSink.h
2025-08-22 05:09:38,170 - Knowledge - INFO - Found code-base-name: https://github.com/kavia-common/rialto-gstreamer-9652.git:kavia-6.0.0-rc1
2025-08-22 05:09:38,171 - Knowledge - INFO - Found code_base: <app.utils.kg_build.knowledge.KnowledgeCodeBase object at 0x7f818878d850>
2025-08-22 05:09:38,171 - Knowledge - INFO - persist ingested knowledge for /app/data/b2c/9652/b7831ap/rialto-gstreamer-9652/CONTRIBUTING.md
2025-08-22 05:09:38,385 - Knowledge - INFO - adding /app/data/b2c/9652/b7831ap/rialto-gstreamer-9652/tests/ut/CMakeLists.txt to ingest queue
2025-08-22 05:09:38,386 - Knowledge - INFO - adding /app/data/b2c/9652/b7831ap/rialto-gstreamer-9652/tests/ut/ControlBackendTests.cpp to ingest queue
2025-08-22 05:09:38,386 - Knowledge - INFO - adding /app/data/b2c/9652/b7831ap/rialto-gstreamer-9652/tests/ut/GStreamerEmeUtilsTests.cpp to ingest queue
2025-08-22 05:09:38,387 - Knowledge - INFO - worker kw25 pull /app/data/b2c/9652/b7831ap/rialto-gstreamer-9652/CMakeLists.txt from ingest queue
2025-08-22 05:09:38,387 - Knowledge - INFO - Thread kw25 - File CMakeLists.txt - Remaining files in queue: 49
2025-08-22 05:09:38,387 - Knowledge - INFO - start ingest for /app/data/b2c/9652/b7831ap/rialto-gstreamer-9652/CMakeLists.txt
2025-08-22 05:09:38,388 - Knowledge - INFO - Found code-base-name: https://github.com/kavia-common/rialto-gstreamer-9652.git:kavia-6.0.0-rc1
2025-08-22 05:09:38,388 - Knowledge - INFO - Found code_base: <app.utils.kg_build.knowledge.KnowledgeCodeBase object at 0x7f818878d850>
2025-08-22 05:09:38,388 - Knowledge - INFO - persist ingested knowledge for /app/data/b2c/9652/b7831ap/rialto-gstreamer-9652/tests/mocks/MediaPipelineMock.h
2025-08-22 05:09:38,468 - Knowledge - INFO - Fast-track processing for simple file: /app/data/b2c/9652/b7831ap/rialto-gstreamer-9652/CMakeLists.txt
2025-08-22 05:09:38,468 - Knowledge - INFO - done fast ingest for /app/data/b2c/9652/b7831ap/rialto-gstreamer-9652/CMakeLists.txt
2025-08-22 05:09:38,469 - Knowledge - INFO - process ingested knowledge for /app/data/b2c/9652/b7831ap/rialto-gstreamer-9652/CMakeLists.txt
2025-08-22 05:09:38,669 - Knowledge - INFO - worker kw5 pull /app/data/b2c/9652/b7831ap/rialto-gstreamer-9652/cmake/FindRialto.cmake from ingest queue
2025-08-22 05:09:38,669 - Knowledge - INFO - Thread kw5 - File FindRialto.cmake - Remaining files in queue: 48
2025-08-22 05:09:38,670 - Knowledge - INFO - start ingest for /app/data/b2c/9652/b7831ap/rialto-gstreamer-9652/cmake/FindRialto.cmake
2025-08-22 05:09:39,399 - Knowledge - INFO - worker kw21 pull /app/data/b2c/9652/b7831ap/rialto-gstreamer-9652/cmake/googletest.cmake from ingest queue
2025-08-22 05:09:39,399 - Knowledge - INFO - Thread kw21 - File googletest.cmake - Remaining files in queue: 47
2025-08-22 05:09:39,399 - Knowledge - INFO - start ingest for /app/data/b2c/9652/b7831ap/rialto-gstreamer-9652/cmake/googletest.cmake
2025-08-22 05:09:39,399 - Knowledge - INFO - Found code-base-name: https://github.com/kavia-common/rialto-gstreamer-9652.git:kavia-6.0.0-rc1
2025-08-22 05:09:39,399 - Knowledge - INFO - Found code_base: <app.utils.kg_build.knowledge.KnowledgeCodeBase object at 0x7f818878d850>
2025-08-22 05:09:39,400 - Knowledge - INFO - persist ingested knowledge for /app/data/b2c/9652/b7831ap/rialto-gstreamer-9652/tests/mocks/ControlMock.h
2025-08-22 05:09:39,676 - Knowledge - INFO - adding /app/data/b2c/9652/b7831ap/rialto-gstreamer-9652/tests/ut/WebAudioClientBackendTests.cpp to ingest queue
2025-08-22 05:09:39,920 - Knowledge - INFO - worker kw10 pull /app/data/b2c/9652/b7831ap/rialto-gstreamer-9652/source/MessageQueue.h from ingest queue
2025-08-22 05:09:39,920 - Knowledge - INFO - Thread kw10 - File MessageQueue.h - Remaining files in queue: 47
2025-08-22 05:09:39,920 - Knowledge - INFO - start ingest for /app/data/b2c/9652/b7831ap/rialto-gstreamer-9652/source/MessageQueue.h
2025-08-22 05:09:39,965 - Knowledge - INFO - worker kw13 pull /app/data/b2c/9652/b7831ap/rialto-gstreamer-9652/source/ControlBackendInterface.h from ingest queue
2025-08-22 05:09:39,965 - Knowledge - INFO - Thread kw13 - File ControlBackendInterface.h - Remaining files in queue: 46
2025-08-22 05:09:39,965 - Knowledge - INFO - start ingest for /app/data/b2c/9652/b7831ap/rialto-gstreamer-9652/source/ControlBackendInterface.h
2025-08-22 05:09:39,966 - Knowledge - INFO - adding /app/data/b2c/9652/b7831ap/rialto-gstreamer-9652/source/RialtoGStreamerMSEAudioSink.h to ingest queue
2025-08-22 05:09:39,967 - Knowledge - INFO - adding /app/data/b2c/9652/b7831ap/rialto-gstreamer-9652/source/Timer.h to ingest queue
2025-08-22 05:09:39,967 - Knowledge - INFO - adding /app/data/b2c/9652/b7831ap/rialto-gstreamer-9652/CONTRIBUTING.md to ingest queue
2025-08-22 05:09:39,968 - Knowledge - INFO - adding /app/data/b2c/9652/b7831ap/rialto-gstreamer-9652/tests/ut/BufferParserTests.cpp to ingest queue
2025-08-22 05:09:39,969 - Knowledge - INFO - worker kw6 pull /app/data/b2c/9652/b7831ap/rialto-gstreamer-9652/source/RialtoGStreamerMSEBaseSinkCallbacks.h from ingest queue
2025-08-22 05:09:39,969 - Knowledge - INFO - Thread kw6 - File RialtoGStreamerMSEBaseSinkCallbacks.h - Remaining files in queue: 49
2025-08-22 05:09:39,970 - Knowledge - INFO - start ingest for /app/data/b2c/9652/b7831ap/rialto-gstreamer-9652/source/RialtoGStreamerMSEBaseSinkCallbacks.h
2025-08-22 05:09:39,970 - Knowledge - INFO - Found code-base-name: https://github.com/kavia-common/rialto-gstreamer-9652.git:kavia-6.0.0-rc1
2025-08-22 05:09:39,970 - Knowledge - INFO - Found code_base: <app.utils.kg_build.knowledge.KnowledgeCodeBase object at 0x7f818878d850>
2025-08-22 05:09:39,970 - Knowledge - INFO - persist ingested knowledge for /app/data/b2c/9652/b7831ap/rialto-gstreamer-9652/build_ut.py
2025-08-22 05:09:39,972 - Knowledge - INFO - Found code-base-name: https://github.com/kavia-common/rialto-gstreamer-9652.git:kavia-6.0.0-rc1
2025-08-22 05:09:39,972 - Knowledge - INFO - Found code_base: <app.utils.kg_build.knowledge.KnowledgeCodeBase object at 0x7f818878d850>
2025-08-22 05:09:39,972 - Knowledge - INFO - persist ingested knowledge for /app/data/b2c/9652/b7831ap/rialto-gstreamer-9652/CHANGELOG.md
2025-08-22 05:09:39,973 - Knowledge - INFO - worker kw1 pull /app/data/b2c/9652/b7831ap/rialto-gstreamer-9652/source/RialtoGStreamerMSEVideoSink.h from ingest queue
2025-08-22 05:09:39,973 - Knowledge - INFO - Thread kw1 - File RialtoGStreamerMSEVideoSink.h - Remaining files in queue: 48
2025-08-22 05:09:39,973 - Knowledge - INFO - start ingest for /app/data/b2c/9652/b7831ap/rialto-gstreamer-9652/source/RialtoGStreamerMSEVideoSink.h
2025-08-22 05:09:39,974 - Knowledge - INFO - Found code-base-name: https://github.com/kavia-common/rialto-gstreamer-9652.git:kavia-6.0.0-rc1
2025-08-22 05:09:39,974 - Knowledge - INFO - Found code_base: <app.utils.kg_build.knowledge.KnowledgeCodeBase object at 0x7f818878d850>
2025-08-22 05:09:39,974 - Knowledge - INFO - persist ingested knowledge for /app/data/b2c/9652/b7831ap/rialto-gstreamer-9652/CMakeLists.txt
2025-08-22 05:09:39,974 - Knowledge - INFO - adding /app/data/b2c/9652/b7831ap/rialto-gstreamer-9652/tests/mocks/MediaPipelineMock.h to ingest queue
2025-08-22 05:09:39,979 - Knowledge - INFO - adding /app/data/b2c/9652/b7831ap/rialto-gstreamer-9652/tests/mocks/CMakeLists.txt to ingest queue
2025-08-22 05:09:39,981 - Knowledge - INFO - adding /app/data/b2c/9652/b7831ap/rialto-gstreamer-9652/tests/mocks/WebAudioPlayerClientMock.h to ingest queue
2025-08-22 05:09:40,386 - Knowledge - INFO - adding /app/data/b2c/9652/b7831ap/rialto-gstreamer-9652/tests/mocks/ControlMock.h to ingest queue
2025-08-22 05:09:40,392 - Knowledge - INFO - worker kw2 pull /app/data/b2c/9652/b7831ap/rialto-gstreamer-9652/TERMS.md from ingest queue
2025-08-22 05:09:40,392 - Knowledge - INFO - Thread kw2 - File TERMS.md - Remaining files in queue: 51
2025-08-22 05:09:40,393 - Knowledge - INFO - start ingest for /app/data/b2c/9652/b7831ap/rialto-gstreamer-9652/TERMS.md
2025-08-22 05:09:40,394 - Knowledge - INFO - adding /app/data/b2c/9652/b7831ap/rialto-gstreamer-9652/tests/mocks/MediaPipelineClientMock.h to ingest queue
2025-08-22 05:09:40,397 - Knowledge - INFO - worker kw19 pull /app/data/b2c/9652/b7831ap/rialto-gstreamer-9652/cmake/FindocdmRialto.cmake from ingest queue
2025-08-22 05:09:40,398 - Knowledge - INFO - Thread kw19 - File FindocdmRialto.cmake - Remaining files in queue: 51
2025-08-22 05:09:40,398 - Knowledge - INFO - start ingest for /app/data/b2c/9652/b7831ap/rialto-gstreamer-9652/cmake/FindocdmRialto.cmake
2025-08-22 05:09:40,400 - Knowledge - INFO - worker kw16 pull /app/data/b2c/9652/b7831ap/rialto-gstreamer-9652/source/RialtoGStreamerWebAudioSink.h from ingest queue
2025-08-22 05:09:40,400 - Knowledge - INFO - Thread kw16 - File RialtoGStreamerWebAudioSink.h - Remaining files in queue: 50
2025-08-22 05:09:40,400 - Knowledge - INFO - start ingest for /app/data/b2c/9652/b7831ap/rialto-gstreamer-9652/source/RialtoGStreamerWebAudioSink.h
2025-08-22 05:09:40,401 - Knowledge - INFO - worker kw15 pull /app/data/b2c/9652/b7831ap/rialto-gstreamer-9652/source/GStreamerEMEUtils.h from ingest queue
2025-08-22 05:09:40,401 - Knowledge - INFO - Thread kw15 - File GStreamerEMEUtils.h - Remaining files in queue: 49
2025-08-22 05:09:40,401 - Knowledge - INFO - start ingest for /app/data/b2c/9652/b7831ap/rialto-gstreamer-9652/source/GStreamerEMEUtils.h
2025-08-22 05:09:40,477 - Knowledge - INFO - Fast-track processing for simple file: /app/data/b2c/9652/b7831ap/rialto-gstreamer-9652/TERMS.md
2025-08-22 05:09:40,477 - Knowledge - INFO - done fast ingest for /app/data/b2c/9652/b7831ap/rialto-gstreamer-9652/TERMS.md
2025-08-22 05:09:40,477 - Knowledge - INFO - process ingested knowledge for /app/data/b2c/9652/b7831ap/rialto-gstreamer-9652/TERMS.md
2025-08-22 05:09:41,387 - Knowledge - INFO - worker kw4 pull /app/data/b2c/9652/b7831ap/rialto-gstreamer-9652/source/CMakeLists.txt from ingest queue
2025-08-22 05:09:41,387 - Knowledge - INFO - Thread kw4 - File CMakeLists.txt - Remaining files in queue: 48
2025-08-22 05:09:41,388 - Knowledge - INFO - start ingest for /app/data/b2c/9652/b7831ap/rialto-gstreamer-9652/source/CMakeLists.txt
2025-08-22 05:09:41,391 - Knowledge - INFO - worker kw9 pull /app/data/b2c/9652/b7831ap/rialto-gstreamer-9652/source/GStreamerUtils.cpp from ingest queue
2025-08-22 05:09:41,391 - Knowledge - INFO - Thread kw9 - File GStreamerUtils.cpp - Remaining files in queue: 47
2025-08-22 05:09:41,391 - Knowledge - INFO - start ingest for /app/data/b2c/9652/b7831ap/rialto-gstreamer-9652/source/GStreamerUtils.cpp
2025-08-22 05:09:41,396 - Knowledge - INFO - adding /app/data/b2c/9652/b7831ap/rialto-gstreamer-9652/tests/ut/GStreamerUtilsTests.cpp to ingest queue
2025-08-22 05:09:41,399 - Knowledge - INFO - worker kw14 pull /app/data/b2c/9652/b7831ap/rialto-gstreamer-9652/source/MediaPlayerManager.h from ingest queue
2025-08-22 05:09:41,399 - Knowledge - INFO - Thread kw14 - File MediaPlayerManager.h - Remaining files in queue: 47
2025-08-22 05:09:41,399 - Knowledge - INFO - start ingest for /app/data/b2c/9652/b7831ap/rialto-gstreamer-9652/source/MediaPlayerManager.h
2025-08-22 05:09:41,399 - Knowledge - INFO - Fast-track processing for simple file: /app/data/b2c/9652/b7831ap/rialto-gstreamer-9652/source/CMakeLists.txt
2025-08-22 05:09:41,399 - Knowledge - INFO - done fast ingest for /app/data/b2c/9652/b7831ap/rialto-gstreamer-9652/source/CMakeLists.txt
2025-08-22 05:09:41,400 - Knowledge - INFO - process ingested knowledge for /app/data/b2c/9652/b7831ap/rialto-gstreamer-9652/source/CMakeLists.txt
2025-08-22 05:09:41,801 - Knowledge - INFO - worker kw11 pull /app/data/b2c/9652/b7831ap/rialto-gstreamer-9652/source/WebAudioClientBackendInterface.h from ingest queue
2025-08-22 05:09:41,802 - Knowledge - INFO - Thread kw11 - File WebAudioClientBackendInterface.h - Remaining files in queue: 46
2025-08-22 05:09:41,802 - Knowledge - INFO - start ingest for /app/data/b2c/9652/b7831ap/rialto-gstreamer-9652/source/WebAudioClientBackendInterface.h
2025-08-22 05:09:41,803 - Knowledge - INFO - Found code-base-name: https://github.com/kavia-common/rialto-gstreamer-9652.git:kavia-6.0.0-rc1
2025-08-22 05:09:41,803 - Knowledge - INFO - Found code_base: <app.utils.kg_build.knowledge.KnowledgeCodeBase object at 0x7f818878d850>
2025-08-22 05:09:41,803 - Knowledge - INFO - persist ingested knowledge for /app/data/b2c/9652/b7831ap/rialto-gstreamer-9652/tests/mocks/MediaPipelineCapabilitiesMock.h
2025-08-22 05:09:42,094 - Knowledge - INFO - adding /app/data/b2c/9652/b7831ap/rialto-gstreamer-9652/tests/mocks/WebAudioPlayerMock.h to ingest queue
2025-08-22 05:09:42,095 - Knowledge - INFO - worker kw12 pull /app/data/b2c/9652/b7831ap/rialto-gstreamer-9652/source/GStreamerMSEMediaPlayerClient.cpp from ingest queue
2025-08-22 05:09:42,095 - Knowledge - INFO - Thread kw12 - File GStreamerMSEMediaPlayerClient.cpp - Remaining files in queue: 46
2025-08-22 05:09:42,096 - Knowledge - INFO - start ingest for /app/data/b2c/9652/b7831ap/rialto-gstreamer-9652/source/GStreamerMSEMediaPlayerClient.cpp
2025-08-22 05:09:42,104 - Knowledge - INFO - Found code-base-name: https://github.com/kavia-common/rialto-gstreamer-9652.git:kavia-6.0.0-rc1
2025-08-22 05:09:42,104 - Knowledge - INFO - Found code_base: <app.utils.kg_build.knowledge.KnowledgeCodeBase object at 0x7f818878d850>
2025-08-22 05:09:42,104 - Knowledge - INFO - persist ingested knowledge for /app/data/b2c/9652/b7831ap/rialto-gstreamer-9652/source/CMakeLists.txt
2025-08-22 05:09:42,696 - Knowledge - INFO - worker kw24 pull /app/data/b2c/9652/b7831ap/rialto-gstreamer-9652/source/RialtoGStreamerMSEAudioSink.cpp from ingest queue
2025-08-22 05:09:42,696 - Knowledge - INFO - Thread kw24 - File RialtoGStreamerMSEAudioSink.cpp - Remaining files in queue: 45
2025-08-22 05:09:42,696 - Knowledge - INFO - start ingest for /app/data/b2c/9652/b7831ap/rialto-gstreamer-9652/source/RialtoGStreamerMSEAudioSink.cpp
2025-08-22 05:09:42,699 - Knowledge - INFO - Found code-base-name: https://github.com/kavia-common/rialto-gstreamer-9652.git:kavia-6.0.0-rc1
2025-08-22 05:09:42,699 - Knowledge - INFO - Found code_base: <app.utils.kg_build.knowledge.KnowledgeCodeBase object at 0x7f818878d850>
2025-08-22 05:09:42,699 - Knowledge - INFO - persist ingested knowledge for /app/data/b2c/9652/b7831ap/rialto-gstreamer-9652/TERMS.md
2025-08-22 05:09:42,700 - Knowledge - INFO - adding /app/data/b2c/9652/b7831ap/rialto-gstreamer-9652/CHANGELOG.md to ingest queue
2025-08-22 05:09:42,701 - Knowledge - INFO - adding /app/data/b2c/9652/b7831ap/rialto-gstreamer-9652/tests/mocks/MediaPipelineCapabilitiesMock.h to ingest queue
2025-08-22 05:09:42,704 - Knowledge - INFO - worker kw17 pull /app/data/b2c/9652/b7831ap/rialto-gstreamer-9652/source/MediaPlayerClientBackend.h from ingest queue
2025-08-22 05:09:42,704 - Knowledge - INFO - Thread kw17 - File MediaPlayerClientBackend.h - Remaining files in queue: 46
2025-08-22 05:09:42,708 - Knowledge - INFO - start ingest for /app/data/b2c/9652/b7831ap/rialto-gstreamer-9652/source/MediaPlayerClientBackend.h
2025-08-22 05:09:42,773 - Knowledge - INFO - worker kw8 pull /app/data/b2c/9652/b7831ap/rialto-gstreamer-9652/source/Timer.cpp from ingest queue
2025-08-22 05:09:42,773 - Knowledge - INFO - Thread kw8 - File Timer.cpp - Remaining files in queue: 45
2025-08-22 05:09:42,773 - Knowledge - INFO - start ingest for /app/data/b2c/9652/b7831ap/rialto-gstreamer-9652/source/Timer.cpp
2025-08-22 05:09:43,381 - Knowledge - INFO - worker kw18 pull /app/data/b2c/9652/b7831ap/rialto-gstreamer-9652/source/GStreamerMSEUtils.h from ingest queue
2025-08-22 05:09:43,381 - Knowledge - INFO - Thread kw18 - File GStreamerMSEUtils.h - Remaining files in queue: 44
2025-08-22 05:09:43,381 - Knowledge - INFO - start ingest for /app/data/b2c/9652/b7831ap/rialto-gstreamer-9652/source/GStreamerMSEUtils.h
2025-08-22 05:09:43,389 - Knowledge - INFO - worker kw23 pull /app/data/b2c/9652/b7831ap/rialto-gstreamer-9652/source/BufferParser.cpp from ingest queue
2025-08-22 05:09:43,389 - Knowledge - INFO - Thread kw23 - File BufferParser.cpp - Remaining files in queue: 43
2025-08-22 05:09:43,389 - Knowledge - INFO - start ingest for /app/data/b2c/9652/b7831ap/rialto-gstreamer-9652/source/BufferParser.cpp
2025-08-22 05:09:43,393 - Knowledge - INFO - adding /app/data/b2c/9652/b7831ap/rialto-gstreamer-9652/build_ut.py to ingest queue
2025-08-22 05:09:43,394 - Knowledge - INFO - worker kw2 pull /app/data/b2c/9652/b7831ap/rialto-gstreamer-9652/source/GStreamerWebAudioPlayerClient.h from ingest queue
2025-08-22 05:09:43,395 - Knowledge - INFO - Thread kw2 - File GStreamerWebAudioPlayerClient.h - Remaining files in queue: 43
2025-08-22 05:09:43,395 - Knowledge - INFO - start ingest for /app/data/b2c/9652/b7831ap/rialto-gstreamer-9652/source/GStreamerWebAudioPlayerClient.h
2025-08-22 05:09:43,403 - Knowledge - INFO - worker kw4 pull /app/data/b2c/9652/b7831ap/rialto-gstreamer-9652/source/GStreamerMSEMediaPlayerClient.h from ingest queue
2025-08-22 05:09:43,403 - Knowledge - INFO - Thread kw4 - File GStreamerMSEMediaPlayerClient.h - Remaining files in queue: 42
2025-08-22 05:09:43,404 - Knowledge - INFO - start ingest for /app/data/b2c/9652/b7831ap/rialto-gstreamer-9652/source/GStreamerMSEMediaPlayerClient.h
2025-08-22 05:09:43,468 - Knowledge - INFO - worker kw7 pull /app/data/b2c/9652/b7831ap/rialto-gstreamer-9652/source/WebAudioClientBackend.h from ingest queue
2025-08-22 05:09:43,468 - Knowledge - INFO - Thread kw7 - File WebAudioClientBackend.h - Remaining files in queue: 41
2025-08-22 05:09:43,469 - Knowledge - INFO - start ingest for /app/data/b2c/9652/b7831ap/rialto-gstreamer-9652/source/WebAudioClientBackend.h
2025-08-22 05:09:43,472 - Knowledge - INFO - worker kw25 pull /app/data/b2c/9652/b7831ap/rialto-gstreamer-9652/source/BufferParser.h from ingest queue
2025-08-22 05:09:43,472 - Knowledge - INFO - Thread kw25 - File BufferParser.h - Remaining files in queue: 40
2025-08-22 05:09:43,472 - Knowledge - INFO - start ingest for /app/data/b2c/9652/b7831ap/rialto-gstreamer-9652/source/BufferParser.h
2025-08-22 05:09:52,988 - Knowledge - INFO - done ingest for /app/data/b2c/9652/b7831ap/rialto-gstreamer-9652/cmake/FindRialto.cmake
2025-08-22 05:09:52,989 - Knowledge - INFO - process ingested knowledge for /app/data/b2c/9652/b7831ap/rialto-gstreamer-9652/cmake/FindRialto.cmake
2025-08-22 05:09:52,989 - Knowledge - INFO - Found code-base-name: https://github.com/kavia-common/rialto-gstreamer-9652.git:kavia-6.0.0-rc1
2025-08-22 05:09:52,989 - Knowledge - INFO - Found code_base: <app.utils.kg_build.knowledge.KnowledgeCodeBase object at 0x7f818878d850>
2025-08-22 05:09:52,989 - Knowledge - INFO - persist ingested knowledge for /app/data/b2c/9652/b7831ap/rialto-gstreamer-9652/cmake/FindRialto.cmake
2025-08-22 05:09:53,582 - Knowledge - INFO - worker kw5 pull /app/data/b2c/9652/b7831ap/rialto-gstreamer-9652/source/GStreamerEMEUtils.cpp from ingest queue
2025-08-22 05:09:53,582 - Knowledge - INFO - Thread kw5 - File GStreamerEMEUtils.cpp - Remaining files in queue: 39
2025-08-22 05:09:53,583 - Knowledge - INFO - start ingest for /app/data/b2c/9652/b7831ap/rialto-gstreamer-9652/source/GStreamerEMEUtils.cpp
2025-08-22 05:09:53,978 - Knowledge - INFO - done ingest for /app/data/b2c/9652/b7831ap/rialto-gstreamer-9652/cmake/googletest.cmake
2025-08-22 05:09:53,979 - Knowledge - INFO - process ingested knowledge for /app/data/b2c/9652/b7831ap/rialto-gstreamer-9652/cmake/googletest.cmake
2025-08-22 05:09:53,979 - Knowledge - INFO - Found code-base-name: https://github.com/kavia-common/rialto-gstreamer-9652.git:kavia-6.0.0-rc1
2025-08-22 05:09:53,979 - Knowledge - INFO - Found code_base: <app.utils.kg_build.knowledge.KnowledgeCodeBase object at 0x7f818878d850>
2025-08-22 05:09:53,979 - Knowledge - INFO - persist ingested knowledge for /app/data/b2c/9652/b7831ap/rialto-gstreamer-9652/cmake/googletest.cmake
2025-08-22 05:09:54,474 - Knowledge - INFO - worker kw21 pull /app/data/b2c/9652/b7831ap/rialto-gstreamer-9652/source/RialtoGStreamerMSEBaseSinkPrivate.h from ingest queue
2025-08-22 05:09:54,474 - Knowledge - INFO - Thread kw21 - File RialtoGStreamerMSEBaseSinkPrivate.h - Remaining files in queue: 38
2025-08-22 05:09:54,474 - Knowledge - INFO - start ingest for /app/data/b2c/9652/b7831ap/rialto-gstreamer-9652/source/RialtoGStreamerMSEBaseSinkPrivate.h
2025-08-22 05:11:00,378 - Knowledge - INFO - done ingest for /app/data/b2c/9652/b7831ap/rialto-gstreamer-9652/source/GStreamerMSEUtils.h
2025-08-22 05:11:00,588 - Knowledge - INFO - process ingested knowledge for /app/data/b2c/9652/b7831ap/rialto-gstreamer-9652/source/GStreamerMSEUtils.h
2025-08-22 05:11:00,588 - Knowledge - INFO - Found code-base-name: https://github.com/kavia-common/rialto-gstreamer-9652.git:kavia-6.0.0-rc1
2025-08-22 05:11:00,588 - Knowledge - INFO - Found code_base: <app.utils.kg_build.knowledge.KnowledgeCodeBase object at 0x7f818878d850>
2025-08-22 05:11:00,588 - Knowledge - INFO - persist ingested knowledge for /app/data/b2c/9652/b7831ap/rialto-gstreamer-9652/source/GStreamerMSEUtils.h
2025-08-22 05:11:03,664 - Knowledge - INFO - persist search terms embedding for source/GStreamerMSEUtils.h
2025-08-22 05:11:03,665 - Knowledge - INFO - worker kw18 pull /app/data/b2c/9652/b7831ap/rialto-gstreamer-9652/source/MediaPlayerManager.cpp from ingest queue
2025-08-22 05:11:03,665 - Knowledge - INFO - Thread kw18 - File MediaPlayerManager.cpp - Remaining files in queue: 37
2025-08-22 05:11:03,665 - Knowledge - INFO - start ingest for /app/data/b2c/9652/b7831ap/rialto-gstreamer-9652/source/MediaPlayerManager.cpp
2025-08-22 05:11:16,101 - Knowledge - INFO - done ingest for /app/data/b2c/9652/b7831ap/rialto-gstreamer-9652/source/GStreamerEMEUtils.h
2025-08-22 05:11:16,393 - Knowledge - INFO - process ingested knowledge for /app/data/b2c/9652/b7831ap/rialto-gstreamer-9652/source/GStreamerEMEUtils.h
2025-08-22 05:11:16,393 - Knowledge - INFO - Found code-base-name: https://github.com/kavia-common/rialto-gstreamer-9652.git:kavia-6.0.0-rc1
2025-08-22 05:11:16,393 - Knowledge - INFO - Found code_base: <app.utils.kg_build.knowledge.KnowledgeCodeBase object at 0x7f818878d850>
2025-08-22 05:11:16,393 - Knowledge - INFO - persist ingested knowledge for /app/data/b2c/9652/b7831ap/rialto-gstreamer-9652/source/GStreamerEMEUtils.h
2025-08-22 05:11:18,192 - Knowledge - INFO - persist search terms embedding for source/GStreamerEMEUtils.h
2025-08-22 05:11:18,195 - Knowledge - INFO - worker kw15 pull /app/data/b2c/9652/b7831ap/rialto-gstreamer-9652/source/GStreamerUtils.h from ingest queue
2025-08-22 05:11:18,195 - Knowledge - INFO - Thread kw15 - File GStreamerUtils.h - Remaining files in queue: 36
2025-08-22 05:11:18,195 - Knowledge - INFO - start ingest for /app/data/b2c/9652/b7831ap/rialto-gstreamer-9652/source/GStreamerUtils.h
2025-08-22 05:11:18,596 - Knowledge - INFO - done ingest for /app/data/b2c/9652/b7831ap/rialto-gstreamer-9652/source/ControlBackendInterface.h
2025-08-22 05:11:18,964 - Knowledge - INFO - process ingested knowledge for /app/data/b2c/9652/b7831ap/rialto-gstreamer-9652/source/ControlBackendInterface.h
2025-08-22 05:11:18,965 - Knowledge - INFO - Found code-base-name: https://github.com/kavia-common/rialto-gstreamer-9652.git:kavia-6.0.0-rc1
2025-08-22 05:11:18,965 - Knowledge - INFO - Found code_base: <app.utils.kg_build.knowledge.KnowledgeCodeBase object at 0x7f818878d850>
2025-08-22 05:11:18,965 - Knowledge - INFO - persist ingested knowledge for /app/data/b2c/9652/b7831ap/rialto-gstreamer-9652/source/ControlBackendInterface.h
2025-08-22 05:11:20,673 - Knowledge - INFO - persist search terms embedding for source/ControlBackendInterface.h
2025-08-22 05:11:20,674 - Knowledge - INFO - worker kw13 pull /app/data/b2c/9652/b7831ap/rialto-gstreamer-9652/source/MediaPlayerClientBackendInterface.h from ingest queue
2025-08-22 05:11:20,674 - Knowledge - INFO - Thread kw13 - File MediaPlayerClientBackendInterface.h - Remaining files in queue: 35
2025-08-22 05:11:20,675 - Knowledge - INFO - start ingest for /app/data/b2c/9652/b7831ap/rialto-gstreamer-9652/source/MediaPlayerClientBackendInterface.h
2025-08-22 05:11:24,969 - Knowledge - INFO - done ingest for /app/data/b2c/9652/b7831ap/rialto-gstreamer-9652/cmake/FindocdmRialto.cmake
2025-08-22 05:11:24,970 - Knowledge - INFO - process ingested knowledge for /app/data/b2c/9652/b7831ap/rialto-gstreamer-9652/cmake/FindocdmRialto.cmake
2025-08-22 05:11:24,970 - Knowledge - INFO - Found code-base-name: https://github.com/kavia-common/rialto-gstreamer-9652.git:kavia-6.0.0-rc1
2025-08-22 05:11:24,970 - Knowledge - INFO - Found code_base: <app.utils.kg_build.knowledge.KnowledgeCodeBase object at 0x7f818878d850>
2025-08-22 05:11:24,970 - Knowledge - INFO - persist ingested knowledge for /app/data/b2c/9652/b7831ap/rialto-gstreamer-9652/cmake/FindocdmRialto.cmake
2025-08-22 05:11:26,470 - Knowledge - INFO - done ingest for /app/data/b2c/9652/b7831ap/rialto-gstreamer-9652/scripts/clang-format/process_clang-format_errors.py
2025-08-22 05:11:26,590 - Knowledge - INFO - process ingested knowledge for /app/data/b2c/9652/b7831ap/rialto-gstreamer-9652/scripts/clang-format/process_clang-format_errors.py
2025-08-22 05:11:27,280 - Knowledge - INFO - persist search terms embedding for cmake/FindocdmRialto.cmake
2025-08-22 05:11:27,368 - Knowledge - INFO - Found code-base-name: https://github.com/kavia-common/rialto-gstreamer-9652.git:kavia-6.0.0-rc1
2025-08-22 05:11:27,368 - Knowledge - INFO - Found code_base: <app.utils.kg_build.knowledge.KnowledgeCodeBase object at 0x7f818878d850>
2025-08-22 05:11:27,368 - Knowledge - INFO - persist ingested knowledge for /app/data/b2c/9652/b7831ap/rialto-gstreamer-9652/scripts/clang-format/process_clang-format_errors.py
2025-08-22 05:11:27,380 - Knowledge - INFO - worker kw19 pull /app/data/b2c/9652/b7831ap/rialto-gstreamer-9652/source/GStreamerMSEUtils.cpp from ingest queue
2025-08-22 05:11:27,380 - Knowledge - INFO - Thread kw19 - File GStreamerMSEUtils.cpp - Remaining files in queue: 34
2025-08-22 05:11:27,380 - Knowledge - INFO - start ingest for /app/data/b2c/9652/b7831ap/rialto-gstreamer-9652/source/GStreamerMSEUtils.cpp
2025-08-22 05:11:29,089 - Knowledge - INFO - persist search terms embedding for scripts/clang-format/process_clang-format_errors.py
2025-08-22 05:11:29,091 - Knowledge - INFO - worker kw3 pull /app/data/b2c/9652/b7831ap/rialto-gstreamer-9652/source/RialtoGStreamerWebAudioSink.cpp from ingest queue
2025-08-22 05:11:29,091 - Knowledge - INFO - Thread kw3 - File RialtoGStreamerWebAudioSink.cpp - Remaining files in queue: 33
2025-08-22 05:11:29,163 - Knowledge - INFO - start ingest for /app/data/b2c/9652/b7831ap/rialto-gstreamer-9652/source/RialtoGStreamerWebAudioSink.cpp
2025-08-22 05:11:36,378 - Knowledge - INFO - done ingest for /app/data/b2c/9652/b7831ap/rialto-gstreamer-9652/scripts/valgrind/process_valgrind_results.py
2025-08-22 05:11:36,484 - Knowledge - INFO - process ingested knowledge for /app/data/b2c/9652/b7831ap/rialto-gstreamer-9652/scripts/valgrind/process_valgrind_results.py
2025-08-22 05:11:36,485 - Knowledge - INFO - Found code-base-name: https://github.com/kavia-common/rialto-gstreamer-9652.git:kavia-6.0.0-rc1
2025-08-22 05:11:36,485 - Knowledge - INFO - Found code_base: <app.utils.kg_build.knowledge.KnowledgeCodeBase object at 0x7f818878d850>
2025-08-22 05:11:36,485 - Knowledge - INFO - persist ingested knowledge for /app/data/b2c/9652/b7831ap/rialto-gstreamer-9652/scripts/valgrind/process_valgrind_results.py
2025-08-22 05:11:38,589 - Knowledge - INFO - persist search terms embedding for scripts/valgrind/process_valgrind_results.py
2025-08-22 05:11:38,590 - Knowledge - INFO - worker kw20 pull /app/data/b2c/9652/b7831ap/rialto-gstreamer-9652/source/RialtoGStreamerMSEBaseSink.cpp from ingest queue
2025-08-22 05:11:38,590 - Knowledge - INFO - Thread kw20 - File RialtoGStreamerMSEBaseSink.cpp - Remaining files in queue: 32
2025-08-22 05:11:38,591 - Knowledge - INFO - start ingest for /app/data/b2c/9652/b7831ap/rialto-gstreamer-9652/source/RialtoGStreamerMSEBaseSink.cpp
2025-08-22 05:12:01,666 - Knowledge - INFO - done ingest for /app/data/b2c/9652/b7831ap/rialto-gstreamer-9652/source/RialtoGStreamerMSEBaseSinkCallbacks.h
2025-08-22 05:12:01,786 - Knowledge - INFO - process ingested knowledge for /app/data/b2c/9652/b7831ap/rialto-gstreamer-9652/source/RialtoGStreamerMSEBaseSinkCallbacks.h
2025-08-22 05:12:01,786 - Knowledge - INFO - Found code-base-name: https://github.com/kavia-common/rialto-gstreamer-9652.git:kavia-6.0.0-rc1
2025-08-22 05:12:01,786 - Knowledge - INFO - Found code_base: <app.utils.kg_build.knowledge.KnowledgeCodeBase object at 0x7f818878d850>
2025-08-22 05:12:01,786 - Knowledge - INFO - persist ingested knowledge for /app/data/b2c/9652/b7831ap/rialto-gstreamer-9652/source/RialtoGStreamerMSEBaseSinkCallbacks.h
2025-08-22 05:12:03,787 - Knowledge - INFO - persist search terms embedding for source/RialtoGStreamerMSEBaseSinkCallbacks.h
2025-08-22 05:12:03,793 - Knowledge - INFO - worker kw6 pull /app/data/b2c/9652/b7831ap/rialto-gstreamer-9652/source/RialtoGStreamerMSEVideoSinkPrivate.h from ingest queue
2025-08-22 05:12:03,793 - Knowledge - INFO - Thread kw6 - File RialtoGStreamerMSEVideoSinkPrivate.h - Remaining files in queue: 31
2025-08-22 05:12:03,793 - Knowledge - INFO - start ingest for /app/data/b2c/9652/b7831ap/rialto-gstreamer-9652/source/RialtoGStreamerMSEVideoSinkPrivate.h
2025-08-22 05:12:05,675 - Knowledge - INFO - done ingest for /app/data/b2c/9652/b7831ap/rialto-gstreamer-9652/source/GStreamerUtils.cpp
2025-08-22 05:12:05,863 - Knowledge - INFO - process ingested knowledge for /app/data/b2c/9652/b7831ap/rialto-gstreamer-9652/source/GStreamerUtils.cpp
2025-08-22 05:12:05,863 - Knowledge - INFO - Found code-base-name: https://github.com/kavia-common/rialto-gstreamer-9652.git:kavia-6.0.0-rc1
2025-08-22 05:12:05,863 - Knowledge - INFO - Found code_base: <app.utils.kg_build.knowledge.KnowledgeCodeBase object at 0x7f818878d850>
2025-08-22 05:12:05,863 - Knowledge - INFO - persist ingested knowledge for /app/data/b2c/9652/b7831ap/rialto-gstreamer-9652/source/GStreamerUtils.cpp
2025-08-22 05:12:07,374 - Knowledge - INFO - persist search terms embedding for source/GStreamerUtils.cpp
2025-08-22 05:12:07,378 - Knowledge - INFO - worker kw9 pull /app/data/b2c/9652/b7831ap/rialto-gstreamer-9652/docs/index.html from ingest queue
2025-08-22 05:12:07,379 - Knowledge - INFO - Thread kw9 - File index.html - Remaining files in queue: 30
2025-08-22 05:12:07,379 - Knowledge - INFO - start ingest for /app/data/b2c/9652/b7831ap/rialto-gstreamer-9652/docs/index.html
2025-08-22 05:12:28,268 - Knowledge - INFO - done ingest for /app/data/b2c/9652/b7831ap/rialto-gstreamer-9652/source/RialtoGStreamerMSEBaseSinkPrivate.h
2025-08-22 05:12:28,375 - Knowledge - INFO - process ingested knowledge for /app/data/b2c/9652/b7831ap/rialto-gstreamer-9652/source/RialtoGStreamerMSEBaseSinkPrivate.h
2025-08-22 05:12:28,376 - Knowledge - INFO - Found code-base-name: https://github.com/kavia-common/rialto-gstreamer-9652.git:kavia-6.0.0-rc1
2025-08-22 05:12:28,376 - Knowledge - INFO - Found code_base: <app.utils.kg_build.knowledge.KnowledgeCodeBase object at 0x7f818878d850>
2025-08-22 05:12:28,376 - Knowledge - INFO - persist ingested knowledge for /app/data/b2c/9652/b7831ap/rialto-gstreamer-9652/source/RialtoGStreamerMSEBaseSinkPrivate.h
2025-08-22 05:12:30,064 - Knowledge - INFO - persist search terms embedding for source/RialtoGStreamerMSEBaseSinkPrivate.h
2025-08-22 05:12:30,065 - Knowledge - INFO - worker kw21 pull /app/data/b2c/9652/b7831ap/rialto-gstreamer-9652/source/RialtoGStreamerMSEVideoSink.cpp from ingest queue
2025-08-22 05:12:30,065 - Knowledge - INFO - Thread kw21 - File RialtoGStreamerMSEVideoSink.cpp - Remaining files in queue: 29
2025-08-22 05:12:30,065 - Knowledge - INFO - start ingest for /app/data/b2c/9652/b7831ap/rialto-gstreamer-9652/source/RialtoGStreamerMSEVideoSink.cpp
2025-08-22 05:12:31,381 - Knowledge - INFO - done ingest for /app/data/b2c/9652/b7831ap/rialto-gstreamer-9652/docs/index.html
2025-08-22 05:12:31,381 - Knowledge - INFO - process ingested knowledge for /app/data/b2c/9652/b7831ap/rialto-gstreamer-9652/docs/index.html
2025-08-22 05:12:31,381 - Knowledge - INFO - Found code-base-name: https://github.com/kavia-common/rialto-gstreamer-9652.git:kavia-6.0.0-rc1
2025-08-22 05:12:31,381 - Knowledge - INFO - Found code_base: <app.utils.kg_build.knowledge.KnowledgeCodeBase object at 0x7f818878d850>
2025-08-22 05:12:31,381 - Knowledge - INFO - persist ingested knowledge for /app/data/b2c/9652/b7831ap/rialto-gstreamer-9652/docs/index.html
2025-08-22 05:12:32,272 - Knowledge - INFO - worker kw9 pull /app/data/b2c/9652/b7831ap/rialto-gstreamer-9652/README.md from ingest queue
2025-08-22 05:12:32,272 - Knowledge - INFO - Thread kw9 - File README.md - Remaining files in queue: 28
2025-08-22 05:12:32,272 - Knowledge - INFO - start ingest for /app/data/b2c/9652/b7831ap/rialto-gstreamer-9652/README.md
2025-08-22 05:12:32,366 - Knowledge - INFO - Fast-track processing for simple file: /app/data/b2c/9652/b7831ap/rialto-gstreamer-9652/README.md
2025-08-22 05:12:32,367 - Knowledge - INFO - done fast ingest for /app/data/b2c/9652/b7831ap/rialto-gstreamer-9652/README.md
2025-08-22 05:12:32,367 - Knowledge - INFO - process ingested knowledge for /app/data/b2c/9652/b7831ap/rialto-gstreamer-9652/README.md
2025-08-22 05:12:32,367 - Knowledge - INFO - Found code-base-name: https://github.com/kavia-common/rialto-gstreamer-9652.git:kavia-6.0.0-rc1
2025-08-22 05:12:32,367 - Knowledge - INFO - Found code_base: <app.utils.kg_build.knowledge.KnowledgeCodeBase object at 0x7f818878d850>
2025-08-22 05:12:32,367 - Knowledge - INFO - persist ingested knowledge for /app/data/b2c/9652/b7831ap/rialto-gstreamer-9652/README.md
2025-08-22 05:12:32,969 - Knowledge - INFO - worker kw9 pull /app/data/b2c/9652/b7831ap/rialto-gstreamer-9652/source/GStreamerWebAudioPlayerClient.cpp from ingest queue
2025-08-22 05:12:32,969 - Knowledge - INFO - Thread kw9 - File GStreamerWebAudioPlayerClient.cpp - Remaining files in queue: 27
2025-08-22 05:12:32,970 - Knowledge - INFO - start ingest for /app/data/b2c/9652/b7831ap/rialto-gstreamer-9652/source/GStreamerWebAudioPlayerClient.cpp
2025-08-22 05:12:41,270 - Knowledge - INFO - done ingest for /app/data/b2c/9652/b7831ap/rialto-gstreamer-9652/source/RialtoGStreamerMSEVideoSink.h
2025-08-22 05:12:41,376 - Knowledge - INFO - process ingested knowledge for /app/data/b2c/9652/b7831ap/rialto-gstreamer-9652/source/RialtoGStreamerMSEVideoSink.h
2025-08-22 05:12:41,376 - Knowledge - INFO - Found code-base-name: https://github.com/kavia-common/rialto-gstreamer-9652.git:kavia-6.0.0-rc1
2025-08-22 05:12:41,376 - Knowledge - INFO - Found code_base: <app.utils.kg_build.knowledge.KnowledgeCodeBase object at 0x7f818878d850>
2025-08-22 05:12:41,376 - Knowledge - INFO - persist ingested knowledge for /app/data/b2c/9652/b7831ap/rialto-gstreamer-9652/source/RialtoGStreamerMSEVideoSink.h
2025-08-22 05:12:43,284 - Knowledge - INFO - persist search terms embedding for source/RialtoGStreamerMSEVideoSink.h
2025-08-22 05:12:43,284 - Knowledge - INFO - worker kw1 pull /app/data/b2c/9652/b7831ap/rialto-gstreamer-9652/source/RialtoGSteamerPlugin.cpp from ingest queue
2025-08-22 05:12:43,284 - Knowledge - INFO - Thread kw1 - File RialtoGSteamerPlugin.cpp - Remaining files in queue: 26
2025-08-22 05:12:43,284 - Knowledge - INFO - start ingest for /app/data/b2c/9652/b7831ap/rialto-gstreamer-9652/source/RialtoGSteamerPlugin.cpp
2025-08-22 05:13:02,070 - Knowledge - INFO - done ingest for /app/data/b2c/9652/b7831ap/rialto-gstreamer-9652/source/WebAudioClientBackendInterface.h
2025-08-22 05:13:02,275 - Knowledge - INFO - process ingested knowledge for /app/data/b2c/9652/b7831ap/rialto-gstreamer-9652/source/WebAudioClientBackendInterface.h
2025-08-22 05:13:02,275 - Knowledge - INFO - Found code-base-name: https://github.com/kavia-common/rialto-gstreamer-9652.git:kavia-6.0.0-rc1
2025-08-22 05:13:02,275 - Knowledge - INFO - Found code_base: <app.utils.kg_build.knowledge.KnowledgeCodeBase object at 0x7f818878d850>
2025-08-22 05:13:02,275 - Knowledge - INFO - persist ingested knowledge for /app/data/b2c/9652/b7831ap/rialto-gstreamer-9652/source/WebAudioClientBackendInterface.h
2025-08-22 05:13:04,677 - Knowledge - INFO - done ingest for /app/data/b2c/9652/b7831ap/rialto-gstreamer-9652/source/BufferParser.h
2025-08-22 05:13:04,765 - Knowledge - INFO - persist search terms embedding for source/WebAudioClientBackendInterface.h
2025-08-22 05:13:04,766 - Knowledge - INFO - worker kw11 pull /app/data/b2c/9652/b7831ap/rialto-gstreamer-9652/tests/third-party/source/WebAudioPlayerFactory.cpp from ingest queue
2025-08-22 05:13:04,766 - Knowledge - INFO - Thread kw11 - File WebAudioPlayerFactory.cpp - Remaining files in queue: 25
2025-08-22 05:13:04,766 - Knowledge - INFO - start ingest for /app/data/b2c/9652/b7831ap/rialto-gstreamer-9652/tests/third-party/source/WebAudioPlayerFactory.cpp
2025-08-22 05:13:05,063 - Knowledge - INFO - process ingested knowledge for /app/data/b2c/9652/b7831ap/rialto-gstreamer-9652/source/BufferParser.h
2025-08-22 05:13:05,064 - Knowledge - INFO - Found code-base-name: https://github.com/kavia-common/rialto-gstreamer-9652.git:kavia-6.0.0-rc1
2025-08-22 05:13:05,064 - Knowledge - INFO - Found code_base: <app.utils.kg_build.knowledge.KnowledgeCodeBase object at 0x7f818878d850>
2025-08-22 05:13:05,064 - Knowledge - INFO - persist ingested knowledge for /app/data/b2c/9652/b7831ap/rialto-gstreamer-9652/source/BufferParser.h
2025-08-22 05:13:07,083 - Knowledge - INFO - done ingest for /app/data/b2c/9652/b7831ap/rialto-gstreamer-9652/source/MediaPlayerManager.h
2025-08-22 05:13:07,273 - Knowledge - INFO - persist search terms embedding for source/BufferParser.h
2025-08-22 05:13:07,276 - Knowledge - INFO - worker kw25 pull /app/data/b2c/9652/b7831ap/rialto-gstreamer-9652/tests/third-party/CMakeLists.txt from ingest queue
2025-08-22 05:13:07,276 - Knowledge - INFO - Thread kw25 - File CMakeLists.txt - Remaining files in queue: 24
2025-08-22 05:13:07,277 - Knowledge - INFO - start ingest for /app/data/b2c/9652/b7831ap/rialto-gstreamer-9652/tests/third-party/CMakeLists.txt
2025-08-22 05:13:07,363 - Knowledge - INFO - Fast-track processing for simple file: /app/data/b2c/9652/b7831ap/rialto-gstreamer-9652/tests/third-party/CMakeLists.txt
2025-08-22 05:13:07,363 - Knowledge - INFO - done fast ingest for /app/data/b2c/9652/b7831ap/rialto-gstreamer-9652/tests/third-party/CMakeLists.txt
2025-08-22 05:13:07,363 - Knowledge - INFO - process ingested knowledge for /app/data/b2c/9652/b7831ap/rialto-gstreamer-9652/tests/third-party/CMakeLists.txt
2025-08-22 05:13:07,364 - Knowledge - INFO - Found code-base-name: https://github.com/kavia-common/rialto-gstreamer-9652.git:kavia-6.0.0-rc1
2025-08-22 05:13:07,364 - Knowledge - INFO - Found code_base: <app.utils.kg_build.knowledge.KnowledgeCodeBase object at 0x7f818878d850>
2025-08-22 05:13:07,364 - Knowledge - INFO - persist ingested knowledge for /app/data/b2c/9652/b7831ap/rialto-gstreamer-9652/tests/third-party/CMakeLists.txt
2025-08-22 05:13:07,472 - Knowledge - INFO - process ingested knowledge for /app/data/b2c/9652/b7831ap/rialto-gstreamer-9652/source/MediaPlayerManager.h
2025-08-22 05:13:08,372 - Knowledge - INFO - Found code-base-name: https://github.com/kavia-common/rialto-gstreamer-9652.git:kavia-6.0.0-rc1
2025-08-22 05:13:08,372 - Knowledge - INFO - Found code_base: <app.utils.kg_build.knowledge.KnowledgeCodeBase object at 0x7f818878d850>
2025-08-22 05:13:08,372 - Knowledge - INFO - persist ingested knowledge for /app/data/b2c/9652/b7831ap/rialto-gstreamer-9652/source/MediaPlayerManager.h
2025-08-22 05:13:08,373 - Knowledge - INFO - worker kw25 pull /app/data/b2c/9652/b7831ap/rialto-gstreamer-9652/tests/third-party/source/ControlFactory.cpp from ingest queue
2025-08-22 05:13:08,373 - Knowledge - INFO - Thread kw25 - File ControlFactory.cpp - Remaining files in queue: 23
2025-08-22 05:13:08,374 - Knowledge - INFO - start ingest for /app/data/b2c/9652/b7831ap/rialto-gstreamer-9652/tests/third-party/source/ControlFactory.cpp
2025-08-22 05:13:10,678 - Knowledge - INFO - persist search terms embedding for source/MediaPlayerManager.h
2025-08-22 05:13:10,680 - Knowledge - INFO - worker kw14 pull /app/data/b2c/9652/b7831ap/rialto-gstreamer-9652/source/ControlBackend.h from ingest queue
2025-08-22 05:13:10,680 - Knowledge - INFO - Thread kw14 - File ControlBackend.h - Remaining files in queue: 22
2025-08-22 05:13:10,681 - Knowledge - INFO - start ingest for /app/data/b2c/9652/b7831ap/rialto-gstreamer-9652/source/ControlBackend.h
2025-08-22 05:13:28,180 - Knowledge - INFO - done ingest for /app/data/b2c/9652/b7831ap/rialto-gstreamer-9652/source/RialtoGStreamerMSEVideoSinkPrivate.h
2025-08-22 05:13:28,472 - Knowledge - INFO - process ingested knowledge for /app/data/b2c/9652/b7831ap/rialto-gstreamer-9652/source/RialtoGStreamerMSEVideoSinkPrivate.h
2025-08-22 05:13:28,473 - Knowledge - INFO - Found code-base-name: https://github.com/kavia-common/rialto-gstreamer-9652.git:kavia-6.0.0-rc1
2025-08-22 05:13:28,473 - Knowledge - INFO - Found code_base: <app.utils.kg_build.knowledge.KnowledgeCodeBase object at 0x7f818878d850>
2025-08-22 05:13:28,473 - Knowledge - INFO - persist ingested knowledge for /app/data/b2c/9652/b7831ap/rialto-gstreamer-9652/source/RialtoGStreamerMSEVideoSinkPrivate.h
2025-08-22 05:13:30,883 - Knowledge - INFO - persist search terms embedding for source/RialtoGStreamerMSEVideoSinkPrivate.h
2025-08-22 05:13:30,964 - Knowledge - INFO - worker kw6 pull /app/data/b2c/9652/b7831ap/rialto-gstreamer-9652/tests/third-party/source/MediaPipelineFactory.cpp from ingest queue
2025-08-22 05:13:30,965 - Knowledge - INFO - Thread kw6 - File MediaPipelineFactory.cpp - Remaining files in queue: 21
2025-08-22 05:13:30,965 - Knowledge - INFO - start ingest for /app/data/b2c/9652/b7831ap/rialto-gstreamer-9652/tests/third-party/source/MediaPipelineFactory.cpp
2025-08-22 05:13:32,371 - Knowledge - INFO - done ingest for /app/data/b2c/9652/b7831ap/rialto-gstreamer-9652/source/RialtoGStreamerWebAudioSink.h
2025-08-22 05:13:32,581 - Knowledge - INFO - process ingested knowledge for /app/data/b2c/9652/b7831ap/rialto-gstreamer-9652/source/RialtoGStreamerWebAudioSink.h
2025-08-22 05:13:32,582 - Knowledge - INFO - Found code-base-name: https://github.com/kavia-common/rialto-gstreamer-9652.git:kavia-6.0.0-rc1
2025-08-22 05:13:32,582 - Knowledge - INFO - Found code_base: <app.utils.kg_build.knowledge.KnowledgeCodeBase object at 0x7f818878d850>
2025-08-22 05:13:32,582 - Knowledge - INFO - persist ingested knowledge for /app/data/b2c/9652/b7831ap/rialto-gstreamer-9652/source/RialtoGStreamerWebAudioSink.h
2025-08-22 05:13:34,567 - Knowledge - INFO - persist search terms embedding for source/RialtoGStreamerWebAudioSink.h
2025-08-22 05:13:34,571 - Knowledge - INFO - worker kw16 pull /app/data/b2c/9652/b7831ap/rialto-gstreamer-9652/tests/ut/MediaPlayerClientBackendTests.cpp from ingest queue
2025-08-22 05:13:34,571 - Knowledge - INFO - Thread kw16 - File MediaPlayerClientBackendTests.cpp - Remaining files in queue: 20
2025-08-22 05:13:34,571 - Knowledge - INFO - start ingest for /app/data/b2c/9652/b7831ap/rialto-gstreamer-9652/tests/ut/MediaPlayerClientBackendTests.cpp
2025-08-22 05:13:48,871 - Knowledge - INFO - done ingest for /app/data/b2c/9652/b7831ap/rialto-gstreamer-9652/source/BufferParser.cpp
2025-08-22 05:13:49,182 - Knowledge - INFO - process ingested knowledge for /app/data/b2c/9652/b7831ap/rialto-gstreamer-9652/source/BufferParser.cpp
2025-08-22 05:13:49,182 - Knowledge - INFO - Found code-base-name: https://github.com/kavia-common/rialto-gstreamer-9652.git:kavia-6.0.0-rc1
2025-08-22 05:13:49,182 - Knowledge - INFO - Found code_base: <app.utils.kg_build.knowledge.KnowledgeCodeBase object at 0x7f818878d850>
2025-08-22 05:13:49,182 - Knowledge - INFO - persist ingested knowledge for /app/data/b2c/9652/b7831ap/rialto-gstreamer-9652/source/BufferParser.cpp
2025-08-22 05:13:51,085 - Knowledge - INFO - persist search terms embedding for source/BufferParser.cpp
2025-08-22 05:13:51,170 - Knowledge - INFO - worker kw23 pull /app/data/b2c/9652/b7831ap/rialto-gstreamer-9652/cppcheck_suppressions.xml from ingest queue
2025-08-22 05:13:51,171 - Knowledge - INFO - Thread kw23 - File cppcheck_suppressions.xml - Remaining files in queue: 19
2025-08-22 05:13:51,176 - Knowledge - INFO - start ingest for /app/data/b2c/9652/b7831ap/rialto-gstreamer-9652/cppcheck_suppressions.xml
2025-08-22 05:13:51,264 - Knowledge - INFO - Fast-track processing for simple file: /app/data/b2c/9652/b7831ap/rialto-gstreamer-9652/cppcheck_suppressions.xml
2025-08-22 05:13:51,264 - Knowledge - INFO - done fast ingest for /app/data/b2c/9652/b7831ap/rialto-gstreamer-9652/cppcheck_suppressions.xml
2025-08-22 05:13:51,285 - Knowledge - INFO - process ingested knowledge for /app/data/b2c/9652/b7831ap/rialto-gstreamer-9652/cppcheck_suppressions.xml
2025-08-22 05:13:51,285 - Knowledge - INFO - Found code-base-name: https://github.com/kavia-common/rialto-gstreamer-9652.git:kavia-6.0.0-rc1
2025-08-22 05:13:51,285 - Knowledge - INFO - Found code_base: <app.utils.kg_build.knowledge.KnowledgeCodeBase object at 0x7f818878d850>
2025-08-22 05:13:51,285 - Knowledge - INFO - persist ingested knowledge for /app/data/b2c/9652/b7831ap/rialto-gstreamer-9652/cppcheck_suppressions.xml
2025-08-22 05:13:51,969 - Knowledge - INFO - worker kw23 pull /app/data/b2c/9652/b7831ap/rialto-gstreamer-9652/tests/third-party/source/MediaPipelineCapabilitiesFactory.cpp from ingest queue
2025-08-22 05:13:51,969 - Knowledge - INFO - Thread kw23 - File MediaPipelineCapabilitiesFactory.cpp - Remaining files in queue: 18
2025-08-22 05:13:51,969 - Knowledge - INFO - start ingest for /app/data/b2c/9652/b7831ap/rialto-gstreamer-9652/tests/third-party/source/MediaPipelineCapabilitiesFactory.cpp
2025-08-22 05:13:54,187 - Knowledge - INFO - done ingest for /app/data/b2c/9652/b7831ap/rialto-gstreamer-9652/source/Timer.cpp
2025-08-22 05:13:54,470 - Knowledge - INFO - process ingested knowledge for /app/data/b2c/9652/b7831ap/rialto-gstreamer-9652/source/Timer.cpp
2025-08-22 05:13:54,471 - Knowledge - INFO - Found code-base-name: https://github.com/kavia-common/rialto-gstreamer-9652.git:kavia-6.0.0-rc1
2025-08-22 05:13:54,471 - Knowledge - INFO - Found code_base: <app.utils.kg_build.knowledge.KnowledgeCodeBase object at 0x7f818878d850>
2025-08-22 05:13:54,471 - Knowledge - INFO - persist ingested knowledge for /app/data/b2c/9652/b7831ap/rialto-gstreamer-9652/source/Timer.cpp
2025-08-22 05:13:58,185 - Knowledge - INFO - done ingest for /app/data/b2c/9652/b7831ap/rialto-gstreamer-9652/source/GStreamerUtils.h
2025-08-22 05:13:58,282 - Knowledge - INFO - persist search terms embedding for source/Timer.cpp
2025-08-22 05:13:58,283 - Knowledge - INFO - worker kw8 pull /app/data/b2c/9652/b7831ap/rialto-gstreamer-9652/tests/ut/CMakeLists.txt from ingest queue
2025-08-22 05:13:58,283 - Knowledge - INFO - Thread kw8 - File CMakeLists.txt - Remaining files in queue: 17
2025-08-22 05:13:58,283 - Knowledge - INFO - start ingest for /app/data/b2c/9652/b7831ap/rialto-gstreamer-9652/tests/ut/CMakeLists.txt
2025-08-22 05:13:58,365 - Knowledge - INFO - Fast-track processing for simple file: /app/data/b2c/9652/b7831ap/rialto-gstreamer-9652/tests/ut/CMakeLists.txt
2025-08-22 05:13:58,365 - Knowledge - INFO - done fast ingest for /app/data/b2c/9652/b7831ap/rialto-gstreamer-9652/tests/ut/CMakeLists.txt
2025-08-22 05:13:58,365 - Knowledge - INFO - process ingested knowledge for /app/data/b2c/9652/b7831ap/rialto-gstreamer-9652/tests/ut/CMakeLists.txt
2025-08-22 05:13:58,366 - Knowledge - INFO - Found code-base-name: https://github.com/kavia-common/rialto-gstreamer-9652.git:kavia-6.0.0-rc1
2025-08-22 05:13:58,366 - Knowledge - INFO - Found code_base: <app.utils.kg_build.knowledge.KnowledgeCodeBase object at 0x7f818878d850>
2025-08-22 05:13:58,366 - Knowledge - INFO - persist ingested knowledge for /app/data/b2c/9652/b7831ap/rialto-gstreamer-9652/tests/ut/CMakeLists.txt
2025-08-22 05:13:58,385 - Knowledge - INFO - process ingested knowledge for /app/data/b2c/9652/b7831ap/rialto-gstreamer-9652/source/GStreamerUtils.h
2025-08-22 05:13:59,081 - Knowledge - INFO - Found code-base-name: https://github.com/kavia-common/rialto-gstreamer-9652.git:kavia-6.0.0-rc1
2025-08-22 05:13:59,081 - Knowledge - INFO - Found code_base: <app.utils.kg_build.knowledge.KnowledgeCodeBase object at 0x7f818878d850>
2025-08-22 05:13:59,081 - Knowledge - INFO - persist ingested knowledge for /app/data/b2c/9652/b7831ap/rialto-gstreamer-9652/source/GStreamerUtils.h
2025-08-22 05:13:59,169 - Knowledge - INFO - worker kw8 pull /app/data/b2c/9652/b7831ap/rialto-gstreamer-9652/tests/ut/ControlBackendTests.cpp from ingest queue
2025-08-22 05:13:59,169 - Knowledge - INFO - Thread kw8 - File ControlBackendTests.cpp - Remaining files in queue: 16
2025-08-22 05:13:59,169 - Knowledge - INFO - start ingest for /app/data/b2c/9652/b7831ap/rialto-gstreamer-9652/tests/ut/ControlBackendTests.cpp
2025-08-22 05:14:01,368 - Knowledge - INFO - persist search terms embedding for source/GStreamerUtils.h
2025-08-22 05:14:01,376 - Knowledge - INFO - worker kw15 pull /app/data/b2c/9652/b7831ap/rialto-gstreamer-9652/tests/ut/GStreamerEmeUtilsTests.cpp from ingest queue
2025-08-22 05:14:01,376 - Knowledge - INFO - Thread kw15 - File GStreamerEmeUtilsTests.cpp - Remaining files in queue: 15
2025-08-22 05:14:01,376 - Knowledge - INFO - start ingest for /app/data/b2c/9652/b7831ap/rialto-gstreamer-9652/tests/ut/GStreamerEmeUtilsTests.cpp
2025-08-22 05:14:10,970 - Knowledge - INFO - done ingest for /app/data/b2c/9652/b7831ap/rialto-gstreamer-9652/source/GStreamerMSEUtils.cpp
2025-08-22 05:14:11,164 - Knowledge - INFO - process ingested knowledge for /app/data/b2c/9652/b7831ap/rialto-gstreamer-9652/source/GStreamerMSEUtils.cpp
2025-08-22 05:14:11,165 - Knowledge - INFO - Found code-base-name: https://github.com/kavia-common/rialto-gstreamer-9652.git:kavia-6.0.0-rc1
2025-08-22 05:14:11,165 - Knowledge - INFO - Found code_base: <app.utils.kg_build.knowledge.KnowledgeCodeBase object at 0x7f818878d850>
2025-08-22 05:14:11,165 - Knowledge - INFO - persist ingested knowledge for /app/data/b2c/9652/b7831ap/rialto-gstreamer-9652/source/GStreamerMSEUtils.cpp
2025-08-22 05:14:12,977 - Knowledge - INFO - persist search terms embedding for source/GStreamerMSEUtils.cpp
2025-08-22 05:14:13,063 - Knowledge - INFO - worker kw19 pull /app/data/b2c/9652/b7831ap/rialto-gstreamer-9652/tests/ut/WebAudioClientBackendTests.cpp from ingest queue
2025-08-22 05:14:13,063 - Knowledge - INFO - Thread kw19 - File WebAudioClientBackendTests.cpp - Remaining files in queue: 14
2025-08-22 05:14:13,064 - Knowledge - INFO - start ingest for /app/data/b2c/9652/b7831ap/rialto-gstreamer-9652/tests/ut/WebAudioClientBackendTests.cpp
2025-08-22 05:14:41,973 - Knowledge - INFO - done ingest for /app/data/b2c/9652/b7831ap/rialto-gstreamer-9652/source/WebAudioClientBackend.h
2025-08-22 05:14:42,363 - Knowledge - INFO - process ingested knowledge for /app/data/b2c/9652/b7831ap/rialto-gstreamer-9652/source/WebAudioClientBackend.h
2025-08-22 05:14:42,363 - Knowledge - INFO - Found code-base-name: https://github.com/kavia-common/rialto-gstreamer-9652.git:kavia-6.0.0-rc1
2025-08-22 05:14:42,364 - Knowledge - INFO - Found code_base: <app.utils.kg_build.knowledge.KnowledgeCodeBase object at 0x7f818878d850>
2025-08-22 05:14:42,364 - Knowledge - INFO - persist ingested knowledge for /app/data/b2c/9652/b7831ap/rialto-gstreamer-9652/source/WebAudioClientBackend.h
2025-08-22 05:14:44,677 - Knowledge - INFO - persist search terms embedding for source/WebAudioClientBackend.h
2025-08-22 05:14:44,678 - Knowledge - INFO - worker kw7 pull /app/data/b2c/9652/b7831ap/rialto-gstreamer-9652/source/RialtoGStreamerMSEAudioSink.h from ingest queue
2025-08-22 05:14:44,678 - Knowledge - INFO - Thread kw7 - File RialtoGStreamerMSEAudioSink.h - Remaining files in queue: 13
2025-08-22 05:14:44,678 - Knowledge - INFO - start ingest for /app/data/b2c/9652/b7831ap/rialto-gstreamer-9652/source/RialtoGStreamerMSEAudioSink.h
2025-08-22 05:14:48,981 - Knowledge - INFO - done ingest for /app/data/b2c/9652/b7831ap/rialto-gstreamer-9652/source/MessageQueue.h
2025-08-22 05:14:49,263 - Knowledge - INFO - process ingested knowledge for /app/data/b2c/9652/b7831ap/rialto-gstreamer-9652/source/MessageQueue.h
2025-08-22 05:14:49,264 - Knowledge - INFO - Found code-base-name: https://github.com/kavia-common/rialto-gstreamer-9652.git:kavia-6.0.0-rc1
2025-08-22 05:14:49,264 - Knowledge - INFO - Found code_base: <app.utils.kg_build.knowledge.KnowledgeCodeBase object at 0x7f818878d850>
2025-08-22 05:14:49,264 - Knowledge - INFO - persist ingested knowledge for /app/data/b2c/9652/b7831ap/rialto-gstreamer-9652/source/MessageQueue.h
2025-08-22 05:14:52,068 - Knowledge - INFO - done ingest for /app/data/b2c/9652/b7831ap/rialto-gstreamer-9652/source/GStreamerEMEUtils.cpp
2025-08-22 05:14:52,086 - Knowledge - INFO - persist search terms embedding for source/MessageQueue.h
2025-08-22 05:14:52,165 - Knowledge - INFO - worker kw10 pull /app/data/b2c/9652/b7831ap/rialto-gstreamer-9652/source/Timer.h from ingest queue
2025-08-22 05:14:52,165 - Knowledge - INFO - Thread kw10 - File Timer.h - Remaining files in queue: 12
2025-08-22 05:14:52,165 - Knowledge - INFO - start ingest for /app/data/b2c/9652/b7831ap/rialto-gstreamer-9652/source/Timer.h
2025-08-22 05:14:52,372 - Knowledge - INFO - process ingested knowledge for /app/data/b2c/9652/b7831ap/rialto-gstreamer-9652/source/GStreamerEMEUtils.cpp
2025-08-22 05:14:52,373 - Knowledge - INFO - Found code-base-name: https://github.com/kavia-common/rialto-gstreamer-9652.git:kavia-6.0.0-rc1
2025-08-22 05:14:52,373 - Knowledge - INFO - Found code_base: <app.utils.kg_build.knowledge.KnowledgeCodeBase object at 0x7f818878d850>
2025-08-22 05:14:52,373 - Knowledge - INFO - persist ingested knowledge for /app/data/b2c/9652/b7831ap/rialto-gstreamer-9652/source/GStreamerEMEUtils.cpp
2025-08-22 05:14:54,573 - Knowledge - INFO - persist search terms embedding for source/GStreamerEMEUtils.cpp
2025-08-22 05:14:54,574 - Knowledge - INFO - worker kw5 pull /app/data/b2c/9652/b7831ap/rialto-gstreamer-9652/CONTRIBUTING.md from ingest queue
2025-08-22 05:14:54,574 - Knowledge - INFO - Thread kw5 - File CONTRIBUTING.md - Remaining files in queue: 11
2025-08-22 05:14:54,574 - Knowledge - INFO - start ingest for /app/data/b2c/9652/b7831ap/rialto-gstreamer-9652/CONTRIBUTING.md
2025-08-22 05:14:54,678 - Knowledge - INFO - Fast-track processing for simple file: /app/data/b2c/9652/b7831ap/rialto-gstreamer-9652/CONTRIBUTING.md
2025-08-22 05:14:54,678 - Knowledge - INFO - done fast ingest for /app/data/b2c/9652/b7831ap/rialto-gstreamer-9652/CONTRIBUTING.md
2025-08-22 05:14:54,678 - Knowledge - INFO - process ingested knowledge for /app/data/b2c/9652/b7831ap/rialto-gstreamer-9652/CONTRIBUTING.md
2025-08-22 05:14:54,679 - Knowledge - INFO - Found code-base-name: https://github.com/kavia-common/rialto-gstreamer-9652.git:kavia-6.0.0-rc1
2025-08-22 05:14:54,679 - Knowledge - INFO - Found code_base: <app.utils.kg_build.knowledge.KnowledgeCodeBase object at 0x7f818878d850>
2025-08-22 05:14:54,679 - Knowledge - INFO - persist ingested knowledge for /app/data/b2c/9652/b7831ap/rialto-gstreamer-9652/CONTRIBUTING.md
2025-08-22 05:14:55,564 - Knowledge - INFO - worker kw5 pull /app/data/b2c/9652/b7831ap/rialto-gstreamer-9652/tests/ut/BufferParserTests.cpp from ingest queue
2025-08-22 05:14:55,564 - Knowledge - INFO - Thread kw5 - File BufferParserTests.cpp - Remaining files in queue: 10
2025-08-22 05:14:55,565 - Knowledge - INFO - start ingest for /app/data/b2c/9652/b7831ap/rialto-gstreamer-9652/tests/ut/BufferParserTests.cpp
2025-08-22 05:15:14,676 - Knowledge - INFO - done ingest for /app/data/b2c/9652/b7831ap/rialto-gstreamer-9652/source/GStreamerWebAudioPlayerClient.h
2025-08-22 05:15:15,077 - Knowledge - INFO - process ingested knowledge for /app/data/b2c/9652/b7831ap/rialto-gstreamer-9652/source/GStreamerWebAudioPlayerClient.h
2025-08-22 05:15:15,077 - Knowledge - INFO - Found code-base-name: https://github.com/kavia-common/rialto-gstreamer-9652.git:kavia-6.0.0-rc1
2025-08-22 05:15:15,077 - Knowledge - INFO - Found code_base: <app.utils.kg_build.knowledge.KnowledgeCodeBase object at 0x7f818878d850>
2025-08-22 05:15:15,077 - Knowledge - INFO - persist ingested knowledge for /app/data/b2c/9652/b7831ap/rialto-gstreamer-9652/source/GStreamerWebAudioPlayerClient.h
2025-08-22 05:15:15,675 - Knowledge - INFO - done ingest for /app/data/b2c/9652/b7831ap/rialto-gstreamer-9652/source/RialtoGSteamerPlugin.cpp
2025-08-22 05:15:15,979 - Knowledge - INFO - process ingested knowledge for /app/data/b2c/9652/b7831ap/rialto-gstreamer-9652/source/RialtoGSteamerPlugin.cpp
2025-08-22 05:15:17,379 - Knowledge - INFO - persist search terms embedding for source/GStreamerWebAudioPlayerClient.h
2025-08-22 05:15:17,382 - Knowledge - INFO - Found code-base-name: https://github.com/kavia-common/rialto-gstreamer-9652.git:kavia-6.0.0-rc1
2025-08-22 05:15:17,382 - Knowledge - INFO - Found code_base: <app.utils.kg_build.knowledge.KnowledgeCodeBase object at 0x7f818878d850>
2025-08-22 05:15:17,382 - Knowledge - INFO - persist ingested knowledge for /app/data/b2c/9652/b7831ap/rialto-gstreamer-9652/source/RialtoGSteamerPlugin.cpp
2025-08-22 05:15:17,466 - Knowledge - INFO - worker kw2 pull /app/data/b2c/9652/b7831ap/rialto-gstreamer-9652/tests/mocks/MediaPipelineMock.h from ingest queue
2025-08-22 05:15:17,466 - Knowledge - INFO - Thread kw2 - File MediaPipelineMock.h - Remaining files in queue: 9
2025-08-22 05:15:17,467 - Knowledge - INFO - start ingest for /app/data/b2c/9652/b7831ap/rialto-gstreamer-9652/tests/mocks/MediaPipelineMock.h
2025-08-22 05:15:19,584 - Knowledge - INFO - persist search terms embedding for source/RialtoGSteamerPlugin.cpp
2025-08-22 05:15:19,673 - Knowledge - INFO - worker kw1 pull /app/data/b2c/9652/b7831ap/rialto-gstreamer-9652/tests/mocks/CMakeLists.txt from ingest queue
2025-08-22 05:15:19,673 - Knowledge - INFO - Thread kw1 - File CMakeLists.txt - Remaining files in queue: 8
2025-08-22 05:15:19,673 - Knowledge - INFO - start ingest for /app/data/b2c/9652/b7831ap/rialto-gstreamer-9652/tests/mocks/CMakeLists.txt
2025-08-22 05:15:19,777 - Knowledge - INFO - Fast-track processing for simple file: /app/data/b2c/9652/b7831ap/rialto-gstreamer-9652/tests/mocks/CMakeLists.txt
2025-08-22 05:15:19,777 - Knowledge - INFO - done fast ingest for /app/data/b2c/9652/b7831ap/rialto-gstreamer-9652/tests/mocks/CMakeLists.txt
2025-08-22 05:15:19,777 - Knowledge - INFO - process ingested knowledge for /app/data/b2c/9652/b7831ap/rialto-gstreamer-9652/tests/mocks/CMakeLists.txt
2025-08-22 05:15:19,777 - Knowledge - INFO - Found code-base-name: https://github.com/kavia-common/rialto-gstreamer-9652.git:kavia-6.0.0-rc1
2025-08-22 05:15:19,777 - Knowledge - INFO - Found code_base: <app.utils.kg_build.knowledge.KnowledgeCodeBase object at 0x7f818878d850>
2025-08-22 05:15:19,778 - Knowledge - INFO - persist ingested knowledge for /app/data/b2c/9652/b7831ap/rialto-gstreamer-9652/tests/mocks/CMakeLists.txt
2025-08-22 05:15:20,775 - Knowledge - INFO - worker kw1 pull /app/data/b2c/9652/b7831ap/rialto-gstreamer-9652/tests/mocks/WebAudioPlayerClientMock.h from ingest queue
2025-08-22 05:15:20,775 - Knowledge - INFO - Thread kw1 - File WebAudioPlayerClientMock.h - Remaining files in queue: 7
2025-08-22 05:15:20,775 - Knowledge - INFO - start ingest for /app/data/b2c/9652/b7831ap/rialto-gstreamer-9652/tests/mocks/WebAudioPlayerClientMock.h
2025-08-22 05:15:32,275 - Knowledge - INFO - done ingest for /app/data/b2c/9652/b7831ap/rialto-gstreamer-9652/source/MediaPlayerManager.cpp
2025-08-22 05:15:32,567 - Knowledge - INFO - process ingested knowledge for /app/data/b2c/9652/b7831ap/rialto-gstreamer-9652/source/MediaPlayerManager.cpp
2025-08-22 05:15:32,568 - Knowledge - INFO - Found code-base-name: https://github.com/kavia-common/rialto-gstreamer-9652.git:kavia-6.0.0-rc1
2025-08-22 05:15:32,568 - Knowledge - INFO - Found code_base: <app.utils.kg_build.knowledge.KnowledgeCodeBase object at 0x7f818878d850>
2025-08-22 05:15:32,568 - Knowledge - INFO - persist ingested knowledge for /app/data/b2c/9652/b7831ap/rialto-gstreamer-9652/source/MediaPlayerManager.cpp
2025-08-22 05:15:34,980 - Knowledge - INFO - persist search terms embedding for source/MediaPlayerManager.cpp
2025-08-22 05:15:35,066 - Knowledge - INFO - worker kw18 pull /app/data/b2c/9652/b7831ap/rialto-gstreamer-9652/tests/mocks/ControlMock.h from ingest queue
2025-08-22 05:15:35,066 - Knowledge - INFO - Thread kw18 - File ControlMock.h - Remaining files in queue: 6
2025-08-22 05:15:35,066 - Knowledge - INFO - start ingest for /app/data/b2c/9652/b7831ap/rialto-gstreamer-9652/tests/mocks/ControlMock.h
2025-08-22 05:15:37,782 - Knowledge - INFO - done ingest for /app/data/b2c/9652/b7831ap/rialto-gstreamer-9652/tests/third-party/source/WebAudioPlayerFactory.cpp
2025-08-22 05:15:38,074 - Knowledge - INFO - process ingested knowledge for /app/data/b2c/9652/b7831ap/rialto-gstreamer-9652/tests/third-party/source/WebAudioPlayerFactory.cpp
2025-08-22 05:15:38,075 - Knowledge - INFO - Found code-base-name: https://github.com/kavia-common/rialto-gstreamer-9652.git:kavia-6.0.0-rc1
2025-08-22 05:15:38,075 - Knowledge - INFO - Found code_base: <app.utils.kg_build.knowledge.KnowledgeCodeBase object at 0x7f818878d850>
2025-08-22 05:15:38,075 - Knowledge - INFO - persist ingested knowledge for /app/data/b2c/9652/b7831ap/rialto-gstreamer-9652/tests/third-party/source/WebAudioPlayerFactory.cpp
2025-08-22 05:15:40,763 - Knowledge - INFO - persist search terms embedding for tests/third-party/source/WebAudioPlayerFactory.cpp
2025-08-22 05:15:40,769 - Knowledge - INFO - worker kw11 pull /app/data/b2c/9652/b7831ap/rialto-gstreamer-9652/tests/mocks/MediaPipelineClientMock.h from ingest queue
2025-08-22 05:15:40,769 - Knowledge - INFO - Thread kw11 - File MediaPipelineClientMock.h - Remaining files in queue: 5
2025-08-22 05:15:40,769 - Knowledge - INFO - start ingest for /app/data/b2c/9652/b7831ap/rialto-gstreamer-9652/tests/mocks/MediaPipelineClientMock.h
2025-08-22 05:15:40,784 - Knowledge - INFO - done ingest for /app/data/b2c/9652/b7831ap/rialto-gstreamer-9652/tests/third-party/source/ControlFactory.cpp
2025-08-22 05:15:41,178 - Knowledge - INFO - process ingested knowledge for /app/data/b2c/9652/b7831ap/rialto-gstreamer-9652/tests/third-party/source/ControlFactory.cpp
2025-08-22 05:15:41,179 - Knowledge - INFO - Found code-base-name: https://github.com/kavia-common/rialto-gstreamer-9652.git:kavia-6.0.0-rc1
2025-08-22 05:15:41,179 - Knowledge - INFO - Found code_base: <app.utils.kg_build.knowledge.KnowledgeCodeBase object at 0x7f818878d850>
2025-08-22 05:15:41,179 - Knowledge - INFO - persist ingested knowledge for /app/data/b2c/9652/b7831ap/rialto-gstreamer-9652/tests/third-party/source/ControlFactory.cpp
2025-08-22 05:15:43,572 - Knowledge - INFO - persist search terms embedding for tests/third-party/source/ControlFactory.cpp
2025-08-22 05:15:43,578 - Knowledge - INFO - worker kw25 pull /app/data/b2c/9652/b7831ap/rialto-gstreamer-9652/tests/ut/GStreamerUtilsTests.cpp from ingest queue
2025-08-22 05:15:43,578 - Knowledge - INFO - Thread kw25 - File GStreamerUtilsTests.cpp - Remaining files in queue: 4
2025-08-22 05:15:43,578 - Knowledge - INFO - start ingest for /app/data/b2c/9652/b7831ap/rialto-gstreamer-9652/tests/ut/GStreamerUtilsTests.cpp
2025-08-22 05:15:47,565 - Knowledge - INFO - done ingest for /app/data/b2c/9652/b7831ap/rialto-gstreamer-9652/tests/third-party/source/MediaPipelineFactory.cpp
2025-08-22 05:15:47,875 - Knowledge - INFO - process ingested knowledge for /app/data/b2c/9652/b7831ap/rialto-gstreamer-9652/tests/third-party/source/MediaPipelineFactory.cpp
2025-08-22 05:15:47,875 - Knowledge - INFO - Found code-base-name: https://github.com/kavia-common/rialto-gstreamer-9652.git:kavia-6.0.0-rc1
2025-08-22 05:15:47,875 - Knowledge - INFO - Found code_base: <app.utils.kg_build.knowledge.KnowledgeCodeBase object at 0x7f818878d850>
2025-08-22 05:15:47,875 - Knowledge - INFO - persist ingested knowledge for /app/data/b2c/9652/b7831ap/rialto-gstreamer-9652/tests/third-party/source/MediaPipelineFactory.cpp
2025-08-22 05:15:50,367 - Knowledge - INFO - persist search terms embedding for tests/third-party/source/MediaPipelineFactory.cpp
2025-08-22 05:15:50,367 - Knowledge - INFO - worker kw6 pull /app/data/b2c/9652/b7831ap/rialto-gstreamer-9652/tests/mocks/WebAudioPlayerMock.h from ingest queue
2025-08-22 05:15:50,368 - Knowledge - INFO - Thread kw6 - File WebAudioPlayerMock.h - Remaining files in queue: 3
2025-08-22 05:15:50,371 - Knowledge - INFO - start ingest for /app/data/b2c/9652/b7831ap/rialto-gstreamer-9652/tests/mocks/WebAudioPlayerMock.h
2025-08-22 05:15:56,265 - Knowledge - INFO - done ingest for /app/data/b2c/9652/b7831ap/rialto-gstreamer-9652/tests/third-party/source/MediaPipelineCapabilitiesFactory.cpp
2025-08-22 05:15:56,467 - Knowledge - INFO - process ingested knowledge for /app/data/b2c/9652/b7831ap/rialto-gstreamer-9652/tests/third-party/source/MediaPipelineCapabilitiesFactory.cpp
2025-08-22 05:15:56,467 - Knowledge - INFO - Found code-base-name: https://github.com/kavia-common/rialto-gstreamer-9652.git:kavia-6.0.0-rc1
2025-08-22 05:15:56,467 - Knowledge - INFO - Found code_base: <app.utils.kg_build.knowledge.KnowledgeCodeBase object at 0x7f818878d850>
2025-08-22 05:15:56,467 - Knowledge - INFO - persist ingested knowledge for /app/data/b2c/9652/b7831ap/rialto-gstreamer-9652/tests/third-party/source/MediaPipelineCapabilitiesFactory.cpp
2025-08-22 05:15:58,567 - Knowledge - INFO - persist search terms embedding for tests/third-party/source/MediaPipelineCapabilitiesFactory.cpp
2025-08-22 05:15:58,582 - Knowledge - INFO - worker kw23 pull /app/data/b2c/9652/b7831ap/rialto-gstreamer-9652/CHANGELOG.md from ingest queue
2025-08-22 05:15:58,582 - Knowledge - INFO - Thread kw23 - File CHANGELOG.md - Remaining files in queue: 2
2025-08-22 05:15:58,582 - Knowledge - INFO - start ingest for /app/data/b2c/9652/b7831ap/rialto-gstreamer-9652/CHANGELOG.md
2025-08-22 05:15:58,768 - Knowledge - INFO - Fast-track processing for simple file: /app/data/b2c/9652/b7831ap/rialto-gstreamer-9652/CHANGELOG.md
2025-08-22 05:15:58,768 - Knowledge - INFO - done fast ingest for /app/data/b2c/9652/b7831ap/rialto-gstreamer-9652/CHANGELOG.md
2025-08-22 05:15:58,768 - Knowledge - INFO - process ingested knowledge for /app/data/b2c/9652/b7831ap/rialto-gstreamer-9652/CHANGELOG.md
2025-08-22 05:15:58,769 - Knowledge - INFO - Found code-base-name: https://github.com/kavia-common/rialto-gstreamer-9652.git:kavia-6.0.0-rc1
2025-08-22 05:15:58,769 - Knowledge - INFO - Found code_base: <app.utils.kg_build.knowledge.KnowledgeCodeBase object at 0x7f818878d850>
2025-08-22 05:15:58,769 - Knowledge - INFO - persist ingested knowledge for /app/data/b2c/9652/b7831ap/rialto-gstreamer-9652/CHANGELOG.md
2025-08-22 05:15:59,767 - Knowledge - INFO - worker kw23 pull /app/data/b2c/9652/b7831ap/rialto-gstreamer-9652/tests/mocks/MediaPipelineCapabilitiesMock.h from ingest queue
2025-08-22 05:15:59,767 - Knowledge - INFO - Thread kw23 - File MediaPipelineCapabilitiesMock.h - Remaining files in queue: 1
2025-08-22 05:15:59,780 - Knowledge - INFO - start ingest for /app/data/b2c/9652/b7831ap/rialto-gstreamer-9652/tests/mocks/MediaPipelineCapabilitiesMock.h
2025-08-22 05:17:16,564 - Knowledge - INFO - done ingest for /app/data/b2c/9652/b7831ap/rialto-gstreamer-9652/source/ControlBackend.h
2025-08-22 05:17:16,687 - Knowledge - INFO - process ingested knowledge for /app/data/b2c/9652/b7831ap/rialto-gstreamer-9652/source/ControlBackend.h
2025-08-22 05:17:16,688 - Knowledge - INFO - Found code-base-name: https://github.com/kavia-common/rialto-gstreamer-9652.git:kavia-6.0.0-rc1
2025-08-22 05:17:16,688 - Knowledge - INFO - Found code_base: <app.utils.kg_build.knowledge.KnowledgeCodeBase object at 0x7f818878d850>
2025-08-22 05:17:16,688 - Knowledge - INFO - persist ingested knowledge for /app/data/b2c/9652/b7831ap/rialto-gstreamer-9652/source/ControlBackend.h
2025-08-22 05:17:20,469 - Knowledge - INFO - persist search terms embedding for source/ControlBackend.h
2025-08-22 05:17:20,475 - Knowledge - INFO - worker kw14 pull /app/data/b2c/9652/b7831ap/rialto-gstreamer-9652/build_ut.py from ingest queue
2025-08-22 05:17:20,476 - Knowledge - INFO - Thread kw14 - File build_ut.py - Remaining files in queue: 0
2025-08-22 05:17:20,476 - Knowledge - INFO - start ingest for /app/data/b2c/9652/b7831ap/rialto-gstreamer-9652/build_ut.py
2025-08-22 05:17:50,177 - Knowledge - INFO - done ingest for /app/data/b2c/9652/b7831ap/rialto-gstreamer-9652/tests/mocks/WebAudioPlayerClientMock.h
2025-08-22 05:17:50,476 - Knowledge - INFO - process ingested knowledge for /app/data/b2c/9652/b7831ap/rialto-gstreamer-9652/tests/mocks/WebAudioPlayerClientMock.h
2025-08-22 05:17:50,477 - Knowledge - INFO - Found code-base-name: https://github.com/kavia-common/rialto-gstreamer-9652.git:kavia-6.0.0-rc1
2025-08-22 05:17:50,477 - Knowledge - INFO - Found code_base: <app.utils.kg_build.knowledge.KnowledgeCodeBase object at 0x7f818878d850>
2025-08-22 05:17:50,477 - Knowledge - INFO - persist ingested knowledge for /app/data/b2c/9652/b7831ap/rialto-gstreamer-9652/tests/mocks/WebAudioPlayerClientMock.h
2025-08-22 05:17:52,764 - Knowledge - INFO - persist search terms embedding for tests/mocks/WebAudioPlayerClientMock.h
2025-08-22 05:18:25,064 - Knowledge - INFO - done ingest for /app/data/b2c/9652/b7831ap/rialto-gstreamer-9652/tests/ut/WebAudioClientBackendTests.cpp
2025-08-22 05:18:25,974 - Knowledge - INFO - process ingested knowledge for /app/data/b2c/9652/b7831ap/rialto-gstreamer-9652/tests/ut/WebAudioClientBackendTests.cpp
2025-08-22 05:18:25,974 - Knowledge - INFO - Found code-base-name: https://github.com/kavia-common/rialto-gstreamer-9652.git:kavia-6.0.0-rc1
2025-08-22 05:18:25,975 - Knowledge - INFO - Found code_base: <app.utils.kg_build.knowledge.KnowledgeCodeBase object at 0x7f818878d850>
2025-08-22 05:18:25,975 - Knowledge - INFO - persist ingested knowledge for /app/data/b2c/9652/b7831ap/rialto-gstreamer-9652/tests/ut/WebAudioClientBackendTests.cpp
2025-08-22 05:18:28,090 - Knowledge - INFO - persist search terms embedding for tests/ut/WebAudioClientBackendTests.cpp
2025-08-22 05:18:38,371 - Knowledge - INFO - done ingest for /app/data/b2c/9652/b7831ap/rialto-gstreamer-9652/tests/ut/GStreamerUtilsTests.cpp
2025-08-22 05:18:39,079 - Knowledge - INFO - process ingested knowledge for /app/data/b2c/9652/b7831ap/rialto-gstreamer-9652/tests/ut/GStreamerUtilsTests.cpp
2025-08-22 05:18:39,165 - Knowledge - INFO - Found code-base-name: https://github.com/kavia-common/rialto-gstreamer-9652.git:kavia-6.0.0-rc1
2025-08-22 05:18:39,165 - Knowledge - INFO - Found code_base: <app.utils.kg_build.knowledge.KnowledgeCodeBase object at 0x7f818878d850>
2025-08-22 05:18:39,165 - Knowledge - INFO - persist ingested knowledge for /app/data/b2c/9652/b7831ap/rialto-gstreamer-9652/tests/ut/GStreamerUtilsTests.cpp
2025-08-22 05:18:41,470 - Knowledge - INFO - persist search terms embedding for tests/ut/GStreamerUtilsTests.cpp
2025-08-22 05:18:46,774 - Knowledge - INFO - done ingest for /app/data/b2c/9652/b7831ap/rialto-gstreamer-9652/source/MediaPlayerClientBackendInterface.h
2025-08-22 05:18:47,070 - Knowledge - INFO - process ingested knowledge for /app/data/b2c/9652/b7831ap/rialto-gstreamer-9652/source/MediaPlayerClientBackendInterface.h
2025-08-22 05:18:47,076 - Knowledge - INFO - Found code-base-name: https://github.com/kavia-common/rialto-gstreamer-9652.git:kavia-6.0.0-rc1
2025-08-22 05:18:47,076 - Knowledge - INFO - Found code_base: <app.utils.kg_build.knowledge.KnowledgeCodeBase object at 0x7f818878d850>
2025-08-22 05:18:47,076 - Knowledge - INFO - persist ingested knowledge for /app/data/b2c/9652/b7831ap/rialto-gstreamer-9652/source/MediaPlayerClientBackendInterface.h
2025-08-22 05:18:48,270 - Knowledge - INFO - done ingest for /app/data/b2c/9652/b7831ap/rialto-gstreamer-9652/source/Timer.h
2025-08-22 05:18:48,582 - Knowledge - INFO - process ingested knowledge for /app/data/b2c/9652/b7831ap/rialto-gstreamer-9652/source/Timer.h
2025-08-22 05:18:49,974 - Knowledge - INFO - persist search terms embedding for source/MediaPlayerClientBackendInterface.h
2025-08-22 05:18:50,068 - Knowledge - INFO - Found code-base-name: https://github.com/kavia-common/rialto-gstreamer-9652.git:kavia-6.0.0-rc1
2025-08-22 05:18:50,069 - Knowledge - INFO - Found code_base: <app.utils.kg_build.knowledge.KnowledgeCodeBase object at 0x7f818878d850>
2025-08-22 05:18:50,069 - Knowledge - INFO - persist ingested knowledge for /app/data/b2c/9652/b7831ap/rialto-gstreamer-9652/source/Timer.h
2025-08-22 05:18:52,076 - Knowledge - INFO - persist search terms embedding for source/Timer.h
2025-08-22 05:18:58,081 - Knowledge - INFO - done ingest for /app/data/b2c/9652/b7831ap/rialto-gstreamer-9652/tests/ut/ControlBackendTests.cpp
2025-08-22 05:18:58,475 - Knowledge - INFO - process ingested knowledge for /app/data/b2c/9652/b7831ap/rialto-gstreamer-9652/tests/ut/ControlBackendTests.cpp
2025-08-22 05:18:58,564 - Knowledge - INFO - Found code-base-name: https://github.com/kavia-common/rialto-gstreamer-9652.git:kavia-6.0.0-rc1
2025-08-22 05:18:58,564 - Knowledge - INFO - Found code_base: <app.utils.kg_build.knowledge.KnowledgeCodeBase object at 0x7f818878d850>
2025-08-22 05:18:58,564 - Knowledge - INFO - persist ingested knowledge for /app/data/b2c/9652/b7831ap/rialto-gstreamer-9652/tests/ut/ControlBackendTests.cpp
2025-08-22 05:19:02,276 - Knowledge - INFO - persist search terms embedding for tests/ut/ControlBackendTests.cpp
2025-08-22 05:19:02,376 - Knowledge - INFO - done ingest for /app/data/b2c/9652/b7831ap/rialto-gstreamer-9652/source/MediaPlayerClientBackend.h
2025-08-22 05:19:02,578 - Knowledge - INFO - process ingested knowledge for /app/data/b2c/9652/b7831ap/rialto-gstreamer-9652/source/MediaPlayerClientBackend.h
2025-08-22 05:19:02,682 - Knowledge - INFO - Found code-base-name: https://github.com/kavia-common/rialto-gstreamer-9652.git:kavia-6.0.0-rc1
2025-08-22 05:19:02,683 - Knowledge - INFO - Found code_base: <app.utils.kg_build.knowledge.KnowledgeCodeBase object at 0x7f818878d850>
2025-08-22 05:19:02,683 - Knowledge - INFO - persist ingested knowledge for /app/data/b2c/9652/b7831ap/rialto-gstreamer-9652/source/MediaPlayerClientBackend.h
2025-08-22 05:19:04,777 - Knowledge - INFO - persist search terms embedding for source/MediaPlayerClientBackend.h
2025-08-22 05:19:13,674 - Knowledge - INFO - done ingest for /app/data/b2c/9652/b7831ap/rialto-gstreamer-9652/source/RialtoGStreamerMSEAudioSink.h
2025-08-22 05:19:13,964 - Knowledge - INFO - process ingested knowledge for /app/data/b2c/9652/b7831ap/rialto-gstreamer-9652/source/RialtoGStreamerMSEAudioSink.h
2025-08-22 05:19:14,173 - Knowledge - INFO - Found code-base-name: https://github.com/kavia-common/rialto-gstreamer-9652.git:kavia-6.0.0-rc1
2025-08-22 05:19:14,173 - Knowledge - INFO - Found code_base: <app.utils.kg_build.knowledge.KnowledgeCodeBase object at 0x7f818878d850>
2025-08-22 05:19:14,173 - Knowledge - INFO - persist ingested knowledge for /app/data/b2c/9652/b7831ap/rialto-gstreamer-9652/source/RialtoGStreamerMSEAudioSink.h
2025-08-22 05:19:16,569 - Knowledge - INFO - persist search terms embedding for source/RialtoGStreamerMSEAudioSink.h
2025-08-22 05:19:23,075 - Knowledge - INFO - done ingest for /app/data/b2c/9652/b7831ap/rialto-gstreamer-9652/tests/ut/BufferParserTests.cpp
2025-08-22 05:19:23,367 - Knowledge - INFO - process ingested knowledge for /app/data/b2c/9652/b7831ap/rialto-gstreamer-9652/tests/ut/BufferParserTests.cpp
2025-08-22 05:19:23,583 - Knowledge - INFO - Found code-base-name: https://github.com/kavia-common/rialto-gstreamer-9652.git:kavia-6.0.0-rc1
2025-08-22 05:19:23,583 - Knowledge - INFO - Found code_base: <app.utils.kg_build.knowledge.KnowledgeCodeBase object at 0x7f818878d850>
2025-08-22 05:19:23,583 - Knowledge - INFO - persist ingested knowledge for /app/data/b2c/9652/b7831ap/rialto-gstreamer-9652/tests/ut/BufferParserTests.cpp
2025-08-22 05:19:26,081 - Knowledge - INFO - persist search terms embedding for tests/ut/BufferParserTests.cpp
2025-08-22 05:19:29,272 - Knowledge - INFO - done ingest for /app/data/b2c/9652/b7831ap/rialto-gstreamer-9652/source/RialtoGStreamerMSEAudioSink.cpp
2025-08-22 05:19:29,476 - Knowledge - INFO - process ingested knowledge for /app/data/b2c/9652/b7831ap/rialto-gstreamer-9652/source/RialtoGStreamerMSEAudioSink.cpp
2025-08-22 05:19:29,677 - Knowledge - INFO - Found code-base-name: https://github.com/kavia-common/rialto-gstreamer-9652.git:kavia-6.0.0-rc1
2025-08-22 05:19:29,677 - Knowledge - INFO - Found code_base: <app.utils.kg_build.knowledge.KnowledgeCodeBase object at 0x7f818878d850>
2025-08-22 05:19:29,677 - Knowledge - INFO - persist ingested knowledge for /app/data/b2c/9652/b7831ap/rialto-gstreamer-9652/source/RialtoGStreamerMSEAudioSink.cpp
2025-08-22 05:19:30,983 - Knowledge - INFO - done ingest for /app/data/b2c/9652/b7831ap/rialto-gstreamer-9652/tests/mocks/ControlMock.h
2025-08-22 05:19:31,280 - Knowledge - INFO - process ingested knowledge for /app/data/b2c/9652/b7831ap/rialto-gstreamer-9652/tests/mocks/ControlMock.h
2025-08-22 05:19:32,171 - Knowledge - INFO - persist search terms embedding for source/RialtoGStreamerMSEAudioSink.cpp
2025-08-22 05:19:32,274 - Knowledge - INFO - Found code-base-name: https://github.com/kavia-common/rialto-gstreamer-9652.git:kavia-6.0.0-rc1
2025-08-22 05:19:32,274 - Knowledge - INFO - Found code_base: <app.utils.kg_build.knowledge.KnowledgeCodeBase object at 0x7f818878d850>
2025-08-22 05:19:32,274 - Knowledge - INFO - persist ingested knowledge for /app/data/b2c/9652/b7831ap/rialto-gstreamer-9652/tests/mocks/ControlMock.h
2025-08-22 05:19:34,470 - Knowledge - INFO - persist search terms embedding for tests/mocks/ControlMock.h
2025-08-22 05:19:38,289 - Knowledge - INFO - done ingest for /app/data/b2c/9652/b7831ap/rialto-gstreamer-9652/tests/mocks/MediaPipelineCapabilitiesMock.h
2025-08-22 05:19:38,665 - Knowledge - INFO - process ingested knowledge for /app/data/b2c/9652/b7831ap/rialto-gstreamer-9652/tests/mocks/MediaPipelineCapabilitiesMock.h
2025-08-22 05:19:38,868 - Knowledge - INFO - Found code-base-name: https://github.com/kavia-common/rialto-gstreamer-9652.git:kavia-6.0.0-rc1
2025-08-22 05:19:38,868 - Knowledge - INFO - Found code_base: <app.utils.kg_build.knowledge.KnowledgeCodeBase object at 0x7f818878d850>
2025-08-22 05:19:38,868 - Knowledge - INFO - persist ingested knowledge for /app/data/b2c/9652/b7831ap/rialto-gstreamer-9652/tests/mocks/MediaPipelineCapabilitiesMock.h
2025-08-22 05:19:40,683 - Knowledge - INFO - persist search terms embedding for tests/mocks/MediaPipelineCapabilitiesMock.h
2025-08-22 05:19:50,972 - Knowledge - INFO - done ingest for /app/data/b2c/9652/b7831ap/rialto-gstreamer-9652/tests/ut/GStreamerEmeUtilsTests.cpp
2025-08-22 05:19:51,282 - Knowledge - INFO - process ingested knowledge for /app/data/b2c/9652/b7831ap/rialto-gstreamer-9652/tests/ut/GStreamerEmeUtilsTests.cpp
2025-08-22 05:19:51,670 - Knowledge - INFO - Found code-base-name: https://github.com/kavia-common/rialto-gstreamer-9652.git:kavia-6.0.0-rc1
2025-08-22 05:19:51,671 - Knowledge - INFO - Found code_base: <app.utils.kg_build.knowledge.KnowledgeCodeBase object at 0x7f818878d850>
2025-08-22 05:19:51,671 - Knowledge - INFO - persist ingested knowledge for /app/data/b2c/9652/b7831ap/rialto-gstreamer-9652/tests/ut/GStreamerEmeUtilsTests.cpp
2025-08-22 05:19:54,067 - Knowledge - INFO - persist search terms embedding for tests/ut/GStreamerEmeUtilsTests.cpp
2025-08-22 05:20:01,974 - Knowledge - ERROR - _ingest_file had exception litellm.APIConnectionError: APIConnectionError: OpenAIException - peer closed connection without sending complete message body (incomplete chunked read) processing file /app/data/b2c/9652/b7831ap/rialto-gstreamer-9652/source/RialtoGStreamerMSEVideoSink.cpp
2025-08-22 05:20:01,974 - Knowledge - INFO - done ingest for /app/data/b2c/9652/b7831ap/rialto-gstreamer-9652/source/RialtoGStreamerMSEVideoSink.cpp
2025-08-22 05:20:02,071 - Knowledge - INFO - done ingest for /app/data/b2c/9652/b7831ap/rialto-gstreamer-9652/source/GStreamerWebAudioPlayerClient.cpp
2025-08-22 05:20:02,173 - Knowledge - INFO - process ingested knowledge for /app/data/b2c/9652/b7831ap/rialto-gstreamer-9652/source/RialtoGStreamerMSEVideoSink.cpp
2025-08-22 05:20:02,294 - Knowledge - INFO - process ingested knowledge for /app/data/b2c/9652/b7831ap/rialto-gstreamer-9652/source/GStreamerWebAudioPlayerClient.cpp
2025-08-22 05:20:02,380 - Knowledge - INFO - Found code-base-name: https://github.com/kavia-common/rialto-gstreamer-9652.git:kavia-6.0.0-rc1
2025-08-22 05:20:02,380 - Knowledge - INFO - Found code_base: <app.utils.kg_build.knowledge.KnowledgeCodeBase object at 0x7f818878d850>
2025-08-22 05:20:02,380 - Knowledge - INFO - persist ingested knowledge for /app/data/b2c/9652/b7831ap/rialto-gstreamer-9652/source/RialtoGStreamerMSEVideoSink.cpp
2025-08-22 05:20:02,572 - Knowledge - INFO - Found code-base-name: https://github.com/kavia-common/rialto-gstreamer-9652.git:kavia-6.0.0-rc1
2025-08-22 05:20:02,572 - Knowledge - INFO - Found code_base: <app.utils.kg_build.knowledge.KnowledgeCodeBase object at 0x7f818878d850>
2025-08-22 05:20:02,572 - Knowledge - INFO - persist ingested knowledge for /app/data/b2c/9652/b7831ap/rialto-gstreamer-9652/source/GStreamerWebAudioPlayerClient.cpp
2025-08-22 05:20:03,179 - Knowledge - INFO - done ingest for /app/data/b2c/9652/b7831ap/rialto-gstreamer-9652/tests/mocks/MediaPipelineClientMock.h
2025-08-22 05:20:03,486 - Knowledge - INFO - process ingested knowledge for /app/data/b2c/9652/b7831ap/rialto-gstreamer-9652/tests/mocks/MediaPipelineClientMock.h
2025-08-22 05:20:03,669 - Knowledge - INFO - Found code-base-name: https://github.com/kavia-common/rialto-gstreamer-9652.git:kavia-6.0.0-rc1
2025-08-22 05:20:03,669 - Knowledge - INFO - Found code_base: <app.utils.kg_build.knowledge.KnowledgeCodeBase object at 0x7f818878d850>
2025-08-22 05:20:03,669 - Knowledge - INFO - persist ingested knowledge for /app/data/b2c/9652/b7831ap/rialto-gstreamer-9652/tests/mocks/MediaPipelineClientMock.h
2025-08-22 05:20:05,566 - Knowledge - INFO - done ingest for /app/data/b2c/9652/b7831ap/rialto-gstreamer-9652/source/RialtoGStreamerWebAudioSink.cpp
2025-08-22 05:20:05,678 - Knowledge - INFO - process ingested knowledge for /app/data/b2c/9652/b7831ap/rialto-gstreamer-9652/source/RialtoGStreamerWebAudioSink.cpp
2025-08-22 05:20:05,973 - Knowledge - INFO - persist search terms embedding for source/GStreamerWebAudioPlayerClient.cpp
2025-08-22 05:20:08,167 - Knowledge - INFO - persist search terms embedding for tests/mocks/MediaPipelineClientMock.h
2025-08-22 05:20:08,779 - Knowledge - INFO - Found code-base-name: https://github.com/kavia-common/rialto-gstreamer-9652.git:kavia-6.0.0-rc1
2025-08-22 05:20:08,779 - Knowledge - INFO - Found code_base: <app.utils.kg_build.knowledge.KnowledgeCodeBase object at 0x7f818878d850>
2025-08-22 05:20:08,780 - Knowledge - INFO - persist ingested knowledge for /app/data/b2c/9652/b7831ap/rialto-gstreamer-9652/source/RialtoGStreamerWebAudioSink.cpp
2025-08-22 05:20:10,475 - Knowledge - INFO - persist search terms embedding for source/RialtoGStreamerWebAudioSink.cpp
2025-08-22 05:20:13,472 - Knowledge - INFO - done ingest for /app/data/b2c/9652/b7831ap/rialto-gstreamer-9652/tests/mocks/WebAudioPlayerMock.h
2025-08-22 05:20:13,688 - Knowledge - INFO - process ingested knowledge for /app/data/b2c/9652/b7831ap/rialto-gstreamer-9652/tests/mocks/WebAudioPlayerMock.h
2025-08-22 05:20:14,069 - Knowledge - INFO - Found code-base-name: https://github.com/kavia-common/rialto-gstreamer-9652.git:kavia-6.0.0-rc1
2025-08-22 05:20:14,070 - Knowledge - INFO - Found code_base: <app.utils.kg_build.knowledge.KnowledgeCodeBase object at 0x7f818878d850>
2025-08-22 05:20:14,070 - Knowledge - INFO - persist ingested knowledge for /app/data/b2c/9652/b7831ap/rialto-gstreamer-9652/tests/mocks/WebAudioPlayerMock.h
2025-08-22 05:20:15,870 - Knowledge - INFO - persist search terms embedding for tests/mocks/WebAudioPlayerMock.h
2025-08-22 05:20:15,889 - Knowledge - INFO - done ingest for /app/data/b2c/9652/b7831ap/rialto-gstreamer-9652/build_ut.py
2025-08-22 05:20:16,184 - Knowledge - INFO - process ingested knowledge for /app/data/b2c/9652/b7831ap/rialto-gstreamer-9652/build_ut.py
2025-08-22 05:20:16,390 - Knowledge - INFO - Found code-base-name: https://github.com/kavia-common/rialto-gstreamer-9652.git:kavia-6.0.0-rc1
2025-08-22 05:20:16,390 - Knowledge - INFO - Found code_base: <app.utils.kg_build.knowledge.KnowledgeCodeBase object at 0x7f818878d850>
2025-08-22 05:20:16,390 - Knowledge - INFO - persist ingested knowledge for /app/data/b2c/9652/b7831ap/rialto-gstreamer-9652/build_ut.py
2025-08-22 05:20:17,982 - Knowledge - INFO - persist search terms embedding for build_ut.py
2025-08-22 05:20:23,074 - Knowledge - INFO - done ingest for /app/data/b2c/9652/b7831ap/rialto-gstreamer-9652/source/RialtoGStreamerMSEBaseSink.h
2025-08-22 05:20:23,375 - Knowledge - INFO - process ingested knowledge for /app/data/b2c/9652/b7831ap/rialto-gstreamer-9652/source/RialtoGStreamerMSEBaseSink.h
2025-08-22 05:20:23,564 - Knowledge - INFO - Found code-base-name: https://github.com/kavia-common/rialto-gstreamer-9652.git:kavia-6.0.0-rc1
2025-08-22 05:20:23,564 - Knowledge - INFO - Found code_base: <app.utils.kg_build.knowledge.KnowledgeCodeBase object at 0x7f818878d850>
2025-08-22 05:20:23,564 - Knowledge - INFO - persist ingested knowledge for /app/data/b2c/9652/b7831ap/rialto-gstreamer-9652/source/RialtoGStreamerMSEBaseSink.h
2025-08-22 05:20:25,964 - Knowledge - INFO - persist search terms embedding for source/RialtoGStreamerMSEBaseSink.h
2025-08-22 05:20:54,473 - Knowledge - INFO - done ingest for /app/data/b2c/9652/b7831ap/rialto-gstreamer-9652/source/GStreamerMSEMediaPlayerClient.cpp
2025-08-22 05:20:54,602 - Knowledge - INFO - process ingested knowledge for /app/data/b2c/9652/b7831ap/rialto-gstreamer-9652/source/GStreamerMSEMediaPlayerClient.cpp
2025-08-22 05:20:54,963 - Knowledge - INFO - Found code-base-name: https://github.com/kavia-common/rialto-gstreamer-9652.git:kavia-6.0.0-rc1
2025-08-22 05:20:54,964 - Knowledge - INFO - Found code_base: <app.utils.kg_build.knowledge.KnowledgeCodeBase object at 0x7f818878d850>
2025-08-22 05:20:54,964 - Knowledge - INFO - persist ingested knowledge for /app/data/b2c/9652/b7831ap/rialto-gstreamer-9652/source/GStreamerMSEMediaPlayerClient.cpp
2025-08-22 05:20:57,486 - Knowledge - INFO - done ingest for /app/data/b2c/9652/b7831ap/rialto-gstreamer-9652/source/GStreamerMSEMediaPlayerClient.h
2025-08-22 05:20:57,771 - Knowledge - INFO - process ingested knowledge for /app/data/b2c/9652/b7831ap/rialto-gstreamer-9652/source/GStreamerMSEMediaPlayerClient.h
2025-08-22 05:20:58,464 - Knowledge - INFO - persist search terms embedding for source/GStreamerMSEMediaPlayerClient.cpp
2025-08-22 05:20:58,985 - Knowledge - INFO - Found code-base-name: https://github.com/kavia-common/rialto-gstreamer-9652.git:kavia-6.0.0-rc1
2025-08-22 05:20:58,985 - Knowledge - INFO - Found code_base: <app.utils.kg_build.knowledge.KnowledgeCodeBase object at 0x7f818878d850>
2025-08-22 05:20:58,985 - Knowledge - INFO - persist ingested knowledge for /app/data/b2c/9652/b7831ap/rialto-gstreamer-9652/source/GStreamerMSEMediaPlayerClient.h
2025-08-22 05:21:00,968 - Knowledge - INFO - done ingest for /app/data/b2c/9652/b7831ap/rialto-gstreamer-9652/tests/mocks/MediaPipelineMock.h
2025-08-22 05:21:01,370 - Knowledge - INFO - process ingested knowledge for /app/data/b2c/9652/b7831ap/rialto-gstreamer-9652/tests/mocks/MediaPipelineMock.h
2025-08-22 05:21:02,675 - Knowledge - INFO - done ingest for /app/data/b2c/9652/b7831ap/rialto-gstreamer-9652/tests/ut/MediaPlayerClientBackendTests.cpp
2025-08-22 05:21:03,265 - Knowledge - INFO - process ingested knowledge for /app/data/b2c/9652/b7831ap/rialto-gstreamer-9652/tests/ut/MediaPlayerClientBackendTests.cpp
2025-08-22 05:21:04,293 - Knowledge - INFO - persist search terms embedding for source/GStreamerMSEMediaPlayerClient.h
2025-08-22 05:21:04,971 - Knowledge - INFO - Found code-base-name: https://github.com/kavia-common/rialto-gstreamer-9652.git:kavia-6.0.0-rc1
2025-08-22 05:21:04,971 - Knowledge - INFO - Found code_base: <app.utils.kg_build.knowledge.KnowledgeCodeBase object at 0x7f818878d850>
2025-08-22 05:21:04,971 - Knowledge - INFO - persist ingested knowledge for /app/data/b2c/9652/b7831ap/rialto-gstreamer-9652/tests/mocks/MediaPipelineMock.h
2025-08-22 05:21:07,474 - Knowledge - INFO - persist search terms embedding for tests/mocks/MediaPipelineMock.h
2025-08-22 05:21:09,687 - Knowledge - INFO - Found code-base-name: https://github.com/kavia-common/rialto-gstreamer-9652.git:kavia-6.0.0-rc1
2025-08-22 05:21:09,687 - Knowledge - INFO - Found code_base: <app.utils.kg_build.knowledge.KnowledgeCodeBase object at 0x7f818878d850>
2025-08-22 05:21:09,687 - Knowledge - INFO - persist ingested knowledge for /app/data/b2c/9652/b7831ap/rialto-gstreamer-9652/tests/ut/MediaPlayerClientBackendTests.cpp
2025-08-22 05:21:12,065 - Knowledge - INFO - persist search terms embedding for tests/ut/MediaPlayerClientBackendTests.cpp
2025-08-22 05:22:38,672 - Knowledge - ERROR - _service_ingest_queue had exception  for file /app/data/b2c/9652/b7831ap/rialto-gstreamer-9652/source/RialtoGStreamerMSEBaseSink.cpp
Traceback (most recent call last):
  File "/usr/local/lib/python3.11/asyncio/tasks.py", line 500, in wait_for
    return fut.result()
           ^^^^^^^^^^^^
  File "/app/app/utils/kg_build/knowledge.py", line 1723, in _ingest_file
    response = await llm.llm_interaction_wrapper(
               ^^^^^^^^^^^^^^^^^^^^^^^^^^^^^^^^^^
  File "/usr/local/lib/python3.11/site-packages/llm_wrapper/core/llm_interface.py", line 341, in llm_interaction_wrapper
    completion = await invoke_llm()
                 ^^^^^^^^^^^^^^^^^^
  File "/usr/local/lib/python3.11/site-packages/llm_wrapper/core/llm_interface.py", line 287, in invoke_llm
    return await loop.run_in_executor(None, blocking_call_wrapper)
           ^^^^^^^^^^^^^^^^^^^^^^^^^^^^^^^^^^^^^^^^^^^^^^^^^^^^^^^
asyncio.exceptions.CancelledError

The above exception was the direct cause of the following exception:

Traceback (most recent call last):
  File "/app/app/utils/kg_build/knowledge.py", line 324, in _service_ingest_queue
    file_info = self.loop_worker.run_until_complete(asyncio.wait_for( knowledge._ingest_file(filename, self.mongo_handler), knowledge.timeout))
                ^^^^^^^^^^^^^^^^^^^^^^^^^^^^^^^^^^^^^^^^^^^^^^^^^^^^^^^^^^^^^^^^^^^^^^^^^^^^^^^^^^^^^^^^^^^^^^^^^^^^^^^^^^^^^^^^^^^^^^^^^^^^^^^
  File "/usr/local/lib/python3.11/asyncio/base_events.py", line 654, in run_until_complete
    return future.result()
           ^^^^^^^^^^^^^^^
  File "/usr/local/lib/python3.11/asyncio/tasks.py", line 502, in wait_for
    raise exceptions.TimeoutError() from exc
TimeoutError
2025-08-22 05:22:38,777 - Knowledge - INFO - process ingested knowledge for /app/data/b2c/9652/b7831ap/rialto-gstreamer-9652/source/RialtoGStreamerMSEBaseSink.cpp
2025-08-22 05:22:38,778 - Knowledge - INFO - Found code-base-name: https://github.com/kavia-common/rialto-gstreamer-9652.git:kavia-6.0.0-rc1
2025-08-22 05:22:38,778 - Knowledge - INFO - Found code_base: <app.utils.kg_build.knowledge.KnowledgeCodeBase object at 0x7f818878d850>
2025-08-22 05:22:38,778 - Knowledge - INFO - persist ingested knowledge for /app/data/b2c/9652/b7831ap/rialto-gstreamer-9652/source/RialtoGStreamerMSEBaseSink.cpp
2025-08-22 05:22:38,990 - Knowledge - INFO - Knowledge creation complete
2025-08-22 05:22:38,991 - Knowledge - INFO - Updating org costs, total cost: 0.0334942
2025-08-22 05:22:39,674 - Knowledge - INFO - Saving knowledge to Redis...
2025-08-22 05:22:39,783 - Knowledge - INFO - Knowledge saved to Redis successfully
2025-08-22 06:21:08,061 - Knowledge - INFO - Redis support added with prefix knowledge:b7831ap:
2025-08-22 06:21:08,372 - Knowledge - INFO - load persisted knowledge: begin
2025-08-22 06:21:09,778 - Knowledge - INFO - Persisted knowledge files in /app/data/b2c/9652/b7831ap/rialto-gstreamer-9652/.knowledge have been renamed to use .json
2025-08-22 06:21:09,790 - Knowledge - INFO - Found code-base-name: https://github.com/kavia-common/rialto-gstreamer-9652.git:kavia-6.0.0-rc1
2025-08-22 06:21:09,790 - Knowledge - INFO - Found code_base: <app.utils.kg_build.knowledge.KnowledgeCodeBase object at 0x7f4070134ad0>
2025-08-22 06:21:09,790 - Knowledge - INFO - process ingested knowledge for /app/data/b2c/9652/b7831ap/rialto-gstreamer-9652/source/RialtoGStreamerWebAudioSink.h
2025-08-22 06:21:09,796 - Knowledge - INFO - Found code-base-name: https://github.com/kavia-common/rialto-gstreamer-9652.git:kavia-6.0.0-rc1
2025-08-22 06:21:09,796 - Knowledge - INFO - Found code_base: <app.utils.kg_build.knowledge.KnowledgeCodeBase object at 0x7f4070134ad0>
2025-08-22 06:21:09,796 - Knowledge - INFO - process ingested knowledge for /app/data/b2c/9652/b7831ap/rialto-gstreamer-9652/source/RialtoGStreamerMSEBaseSinkCallbacks.h
2025-08-22 06:21:09,802 - Knowledge - INFO - Found code-base-name: https://github.com/kavia-common/rialto-gstreamer-9652.git:kavia-6.0.0-rc1
2025-08-22 06:21:09,802 - Knowledge - INFO - Found code_base: <app.utils.kg_build.knowledge.KnowledgeCodeBase object at 0x7f4070134ad0>
2025-08-22 06:21:09,802 - Knowledge - INFO - process ingested knowledge for /app/data/b2c/9652/b7831ap/rialto-gstreamer-9652/tests/ut/GStreamerEmeUtilsTests.cpp
2025-08-22 06:21:09,807 - Knowledge - INFO - Found code-base-name: https://github.com/kavia-common/rialto-gstreamer-9652.git:kavia-6.0.0-rc1
2025-08-22 06:21:09,807 - Knowledge - INFO - Found code_base: <app.utils.kg_build.knowledge.KnowledgeCodeBase object at 0x7f4070134ad0>
2025-08-22 06:21:09,808 - Knowledge - INFO - process ingested knowledge for /app/data/b2c/9652/b7831ap/rialto-gstreamer-9652/source/MessageQueue.h
2025-08-22 06:21:09,814 - Knowledge - INFO - Found code-base-name: https://github.com/kavia-common/rialto-gstreamer-9652.git:kavia-6.0.0-rc1
2025-08-22 06:21:09,814 - Knowledge - INFO - Found code_base: <app.utils.kg_build.knowledge.KnowledgeCodeBase object at 0x7f4070134ad0>
2025-08-22 06:21:09,814 - Knowledge - INFO - process ingested knowledge for /app/data/b2c/9652/b7831ap/rialto-gstreamer-9652/source/ControlBackendInterface.h
2025-08-22 06:21:09,819 - Knowledge - INFO - Found code-base-name: https://github.com/kavia-common/rialto-gstreamer-9652.git:kavia-6.0.0-rc1
2025-08-22 06:21:09,819 - Knowledge - INFO - Found code_base: <app.utils.kg_build.knowledge.KnowledgeCodeBase object at 0x7f4070134ad0>
2025-08-22 06:21:09,820 - Knowledge - INFO - process ingested knowledge for /app/data/b2c/9652/b7831ap/rialto-gstreamer-9652/source/RialtoGStreamerMSEBaseSink.h
2025-08-22 06:21:09,824 - Knowledge - INFO - Found code-base-name: https://github.com/kavia-common/rialto-gstreamer-9652.git:kavia-6.0.0-rc1
2025-08-22 06:21:09,824 - Knowledge - INFO - Found code_base: <app.utils.kg_build.knowledge.KnowledgeCodeBase object at 0x7f4070134ad0>
2025-08-22 06:21:09,824 - Knowledge - INFO - process ingested knowledge for /app/data/b2c/9652/b7831ap/rialto-gstreamer-9652/tests/third-party/source/MediaPipelineFactory.cpp
2025-08-22 06:21:09,829 - Knowledge - INFO - Found code-base-name: https://github.com/kavia-common/rialto-gstreamer-9652.git:kavia-6.0.0-rc1
2025-08-22 06:21:09,829 - Knowledge - INFO - Found code_base: <app.utils.kg_build.knowledge.KnowledgeCodeBase object at 0x7f4070134ad0>
2025-08-22 06:21:09,829 - Knowledge - INFO - process ingested knowledge for /app/data/b2c/9652/b7831ap/rialto-gstreamer-9652/tests/ut/CMakeLists.txt
2025-08-22 06:21:09,833 - Knowledge - INFO - Found code-base-name: https://github.com/kavia-common/rialto-gstreamer-9652.git:kavia-6.0.0-rc1
2025-08-22 06:21:09,834 - Knowledge - INFO - Found code_base: <app.utils.kg_build.knowledge.KnowledgeCodeBase object at 0x7f4070134ad0>
2025-08-22 06:21:09,834 - Knowledge - INFO - process ingested knowledge for /app/data/b2c/9652/b7831ap/rialto-gstreamer-9652/source/BufferParser.cpp
2025-08-22 06:21:09,839 - Knowledge - INFO - Found code-base-name: https://github.com/kavia-common/rialto-gstreamer-9652.git:kavia-6.0.0-rc1
2025-08-22 06:21:09,839 - Knowledge - INFO - Found code_base: <app.utils.kg_build.knowledge.KnowledgeCodeBase object at 0x7f4070134ad0>
2025-08-22 06:21:09,839 - Knowledge - INFO - process ingested knowledge for /app/data/b2c/9652/b7831ap/rialto-gstreamer-9652/source/GStreamerEMEUtils.h
2025-08-22 06:21:09,870 - Knowledge - INFO - Found code-base-name: https://github.com/kavia-common/rialto-gstreamer-9652.git:kavia-6.0.0-rc1
2025-08-22 06:21:09,870 - Knowledge - INFO - Found code_base: <app.utils.kg_build.knowledge.KnowledgeCodeBase object at 0x7f4070134ad0>
2025-08-22 06:21:09,871 - Knowledge - INFO - process ingested knowledge for /app/data/b2c/9652/b7831ap/rialto-gstreamer-9652/tests/mocks/MediaPipelineMock.h
2025-08-22 06:21:09,876 - Knowledge - INFO - Found code-base-name: https://github.com/kavia-common/rialto-gstreamer-9652.git:kavia-6.0.0-rc1
2025-08-22 06:21:09,876 - Knowledge - INFO - Found code_base: <app.utils.kg_build.knowledge.KnowledgeCodeBase object at 0x7f4070134ad0>
2025-08-22 06:21:09,876 - Knowledge - INFO - process ingested knowledge for /app/data/b2c/9652/b7831ap/rialto-gstreamer-9652/tests/mocks/CMakeLists.txt
2025-08-22 06:21:09,881 - Knowledge - INFO - Found code-base-name: https://github.com/kavia-common/rialto-gstreamer-9652.git:kavia-6.0.0-rc1
2025-08-22 06:21:09,881 - Knowledge - INFO - Found code_base: <app.utils.kg_build.knowledge.KnowledgeCodeBase object at 0x7f4070134ad0>
2025-08-22 06:21:09,882 - Knowledge - INFO - process ingested knowledge for /app/data/b2c/9652/b7831ap/rialto-gstreamer-9652/source/GStreamerWebAudioPlayerClient.h
2025-08-22 06:21:09,887 - Knowledge - INFO - Found code-base-name: https://github.com/kavia-common/rialto-gstreamer-9652.git:kavia-6.0.0-rc1
2025-08-22 06:21:09,887 - Knowledge - INFO - Found code_base: <app.utils.kg_build.knowledge.KnowledgeCodeBase object at 0x7f4070134ad0>
2025-08-22 06:21:09,887 - Knowledge - INFO - process ingested knowledge for /app/data/b2c/9652/b7831ap/rialto-gstreamer-9652/source/GStreamerMSEMediaPlayerClient.cpp
2025-08-22 06:21:09,894 - Knowledge - INFO - Found code-base-name: https://github.com/kavia-common/rialto-gstreamer-9652.git:kavia-6.0.0-rc1
2025-08-22 06:21:09,894 - Knowledge - INFO - Found code_base: <app.utils.kg_build.knowledge.KnowledgeCodeBase object at 0x7f4070134ad0>
2025-08-22 06:21:09,894 - Knowledge - INFO - process ingested knowledge for /app/data/b2c/9652/b7831ap/rialto-gstreamer-9652/source/GStreamerUtils.cpp
2025-08-22 06:21:09,900 - Knowledge - INFO - Found code-base-name: https://github.com/kavia-common/rialto-gstreamer-9652.git:kavia-6.0.0-rc1
2025-08-22 06:21:09,901 - Knowledge - INFO - Found code_base: <app.utils.kg_build.knowledge.KnowledgeCodeBase object at 0x7f4070134ad0>
2025-08-22 06:21:09,901 - Knowledge - INFO - process ingested knowledge for /app/data/b2c/9652/b7831ap/rialto-gstreamer-9652/source/RialtoGStreamerMSEVideoSink.h
2025-08-22 06:21:09,905 - Knowledge - INFO - Found code-base-name: https://github.com/kavia-common/rialto-gstreamer-9652.git:kavia-6.0.0-rc1
2025-08-22 06:21:09,906 - Knowledge - INFO - Found code_base: <app.utils.kg_build.knowledge.KnowledgeCodeBase object at 0x7f4070134ad0>
2025-08-22 06:21:09,906 - Knowledge - INFO - process ingested knowledge for /app/data/b2c/9652/b7831ap/rialto-gstreamer-9652/cmake/googletest.cmake
2025-08-22 06:21:09,913 - Knowledge - INFO - Found code-base-name: https://github.com/kavia-common/rialto-gstreamer-9652.git:kavia-6.0.0-rc1
2025-08-22 06:21:09,913 - Knowledge - INFO - Found code_base: <app.utils.kg_build.knowledge.KnowledgeCodeBase object at 0x7f4070134ad0>
2025-08-22 06:21:09,913 - Knowledge - INFO - process ingested knowledge for /app/data/b2c/9652/b7831ap/rialto-gstreamer-9652/source/RialtoGStreamerMSEAudioSink.cpp
2025-08-22 06:21:09,919 - Knowledge - INFO - Found code-base-name: https://github.com/kavia-common/rialto-gstreamer-9652.git:kavia-6.0.0-rc1
2025-08-22 06:21:09,919 - Knowledge - INFO - Found code_base: <app.utils.kg_build.knowledge.KnowledgeCodeBase object at 0x7f4070134ad0>
2025-08-22 06:21:09,919 - Knowledge - INFO - process ingested knowledge for /app/data/b2c/9652/b7831ap/rialto-gstreamer-9652/tests/ut/MediaPlayerClientBackendTests.cpp
2025-08-22 06:21:09,924 - Knowledge - INFO - Found code-base-name: https://github.com/kavia-common/rialto-gstreamer-9652.git:kavia-6.0.0-rc1
2025-08-22 06:21:09,924 - Knowledge - INFO - Found code_base: <app.utils.kg_build.knowledge.KnowledgeCodeBase object at 0x7f4070134ad0>
2025-08-22 06:21:09,925 - Knowledge - INFO - process ingested knowledge for /app/data/b2c/9652/b7831ap/rialto-gstreamer-9652/source/Timer.cpp
2025-08-22 06:21:09,930 - Knowledge - INFO - Found code-base-name: https://github.com/kavia-common/rialto-gstreamer-9652.git:kavia-6.0.0-rc1
2025-08-22 06:21:09,930 - Knowledge - INFO - Found code_base: <app.utils.kg_build.knowledge.KnowledgeCodeBase object at 0x7f4070134ad0>
2025-08-22 06:21:09,930 - Knowledge - INFO - process ingested knowledge for /app/data/b2c/9652/b7831ap/rialto-gstreamer-9652/tests/third-party/source/MediaPipelineCapabilitiesFactory.cpp
2025-08-22 06:21:09,935 - Knowledge - INFO - Found code-base-name: https://github.com/kavia-common/rialto-gstreamer-9652.git:kavia-6.0.0-rc1
2025-08-22 06:21:09,935 - Knowledge - INFO - Found code_base: <app.utils.kg_build.knowledge.KnowledgeCodeBase object at 0x7f4070134ad0>
2025-08-22 06:21:09,935 - Knowledge - INFO - process ingested knowledge for /app/data/b2c/9652/b7831ap/rialto-gstreamer-9652/source/MediaPlayerClientBackend.h
2025-08-22 06:21:09,940 - Knowledge - INFO - Found code-base-name: https://github.com/kavia-common/rialto-gstreamer-9652.git:kavia-6.0.0-rc1
2025-08-22 06:21:09,940 - Knowledge - INFO - Found code_base: <app.utils.kg_build.knowledge.KnowledgeCodeBase object at 0x7f4070134ad0>
2025-08-22 06:21:09,963 - Knowledge - INFO - process ingested knowledge for /app/data/b2c/9652/b7831ap/rialto-gstreamer-9652/TERMS.md
2025-08-22 06:21:09,971 - Knowledge - INFO - Found code-base-name: https://github.com/kavia-common/rialto-gstreamer-9652.git:kavia-6.0.0-rc1
2025-08-22 06:21:09,972 - Knowledge - INFO - Found code_base: <app.utils.kg_build.knowledge.KnowledgeCodeBase object at 0x7f4070134ad0>
2025-08-22 06:21:09,972 - Knowledge - INFO - process ingested knowledge for /app/data/b2c/9652/b7831ap/rialto-gstreamer-9652/scripts/valgrind/process_valgrind_results.py
2025-08-22 06:21:09,980 - Knowledge - INFO - Found code-base-name: https://github.com/kavia-common/rialto-gstreamer-9652.git:kavia-6.0.0-rc1
2025-08-22 06:21:09,980 - Knowledge - INFO - Found code_base: <app.utils.kg_build.knowledge.KnowledgeCodeBase object at 0x7f4070134ad0>
2025-08-22 06:21:09,981 - Knowledge - INFO - process ingested knowledge for /app/data/b2c/9652/b7831ap/rialto-gstreamer-9652/tests/mocks/WebAudioPlayerClientMock.h
2025-08-22 06:21:09,985 - Knowledge - INFO - Found code-base-name: https://github.com/kavia-common/rialto-gstreamer-9652.git:kavia-6.0.0-rc1
2025-08-22 06:21:09,985 - Knowledge - INFO - Found code_base: <app.utils.kg_build.knowledge.KnowledgeCodeBase object at 0x7f4070134ad0>
2025-08-22 06:21:09,985 - Knowledge - INFO - process ingested knowledge for /app/data/b2c/9652/b7831ap/rialto-gstreamer-9652/source/GStreamerMSEUtils.h
2025-08-22 06:21:09,997 - Knowledge - INFO - Found code-base-name: https://github.com/kavia-common/rialto-gstreamer-9652.git:kavia-6.0.0-rc1
2025-08-22 06:21:09,997 - Knowledge - INFO - Found code_base: <app.utils.kg_build.knowledge.KnowledgeCodeBase object at 0x7f4070134ad0>
2025-08-22 06:21:09,997 - Knowledge - INFO - process ingested knowledge for /app/data/b2c/9652/b7831ap/rialto-gstreamer-9652/CMakeLists.txt
2025-08-22 06:21:10,003 - Knowledge - INFO - Found code-base-name: https://github.com/kavia-common/rialto-gstreamer-9652.git:kavia-6.0.0-rc1
2025-08-22 06:21:10,003 - Knowledge - INFO - Found code_base: <app.utils.kg_build.knowledge.KnowledgeCodeBase object at 0x7f4070134ad0>
2025-08-22 06:21:10,003 - Knowledge - INFO - process ingested knowledge for /app/data/b2c/9652/b7831ap/rialto-gstreamer-9652/source/WebAudioClientBackendInterface.h
2025-08-22 06:21:10,009 - Knowledge - INFO - Found code-base-name: https://github.com/kavia-common/rialto-gstreamer-9652.git:kavia-6.0.0-rc1
2025-08-22 06:21:10,009 - Knowledge - INFO - Found code_base: <app.utils.kg_build.knowledge.KnowledgeCodeBase object at 0x7f4070134ad0>
2025-08-22 06:21:10,010 - Knowledge - INFO - process ingested knowledge for /app/data/b2c/9652/b7831ap/rialto-gstreamer-9652/tests/mocks/MediaPipelineCapabilitiesMock.h
2025-08-22 06:21:10,017 - Knowledge - INFO - Found code-base-name: https://github.com/kavia-common/rialto-gstreamer-9652.git:kavia-6.0.0-rc1
2025-08-22 06:21:10,017 - Knowledge - INFO - Found code_base: <app.utils.kg_build.knowledge.KnowledgeCodeBase object at 0x7f4070134ad0>
2025-08-22 06:21:10,017 - Knowledge - INFO - process ingested knowledge for /app/data/b2c/9652/b7831ap/rialto-gstreamer-9652/source/CMakeLists.txt
2025-08-22 06:21:10,024 - Knowledge - INFO - Found code-base-name: https://github.com/kavia-common/rialto-gstreamer-9652.git:kavia-6.0.0-rc1
2025-08-22 06:21:10,024 - Knowledge - INFO - Found code_base: <app.utils.kg_build.knowledge.KnowledgeCodeBase object at 0x7f4070134ad0>
2025-08-22 06:21:10,024 - Knowledge - INFO - process ingested knowledge for /app/data/b2c/9652/b7831ap/rialto-gstreamer-9652/source/MediaPlayerManager.h
2025-08-22 06:21:10,031 - Knowledge - INFO - Found code-base-name: https://github.com/kavia-common/rialto-gstreamer-9652.git:kavia-6.0.0-rc1
2025-08-22 06:21:10,031 - Knowledge - INFO - Found code_base: <app.utils.kg_build.knowledge.KnowledgeCodeBase object at 0x7f4070134ad0>
2025-08-22 06:21:10,032 - Knowledge - INFO - process ingested knowledge for /app/data/b2c/9652/b7831ap/rialto-gstreamer-9652/cmake/FindocdmRialto.cmake
2025-08-22 06:21:10,037 - Knowledge - INFO - Found code-base-name: https://github.com/kavia-common/rialto-gstreamer-9652.git:kavia-6.0.0-rc1
2025-08-22 06:21:10,037 - Knowledge - INFO - Found code_base: <app.utils.kg_build.knowledge.KnowledgeCodeBase object at 0x7f4070134ad0>
2025-08-22 06:21:10,037 - Knowledge - INFO - process ingested knowledge for /app/data/b2c/9652/b7831ap/rialto-gstreamer-9652/source/GStreamerUtils.h
2025-08-22 06:21:10,044 - Knowledge - INFO - Found code-base-name: https://github.com/kavia-common/rialto-gstreamer-9652.git:kavia-6.0.0-rc1
2025-08-22 06:21:10,044 - Knowledge - INFO - Found code_base: <app.utils.kg_build.knowledge.KnowledgeCodeBase object at 0x7f4070134ad0>
2025-08-22 06:21:10,045 - Knowledge - INFO - process ingested knowledge for /app/data/b2c/9652/b7831ap/rialto-gstreamer-9652/source/GStreamerMSEMediaPlayerClient.h
2025-08-22 06:21:10,067 - Knowledge - INFO - Found code-base-name: https://github.com/kavia-common/rialto-gstreamer-9652.git:kavia-6.0.0-rc1
2025-08-22 06:21:10,067 - Knowledge - INFO - Found code_base: <app.utils.kg_build.knowledge.KnowledgeCodeBase object at 0x7f4070134ad0>
2025-08-22 06:21:10,067 - Knowledge - INFO - process ingested knowledge for /app/data/b2c/9652/b7831ap/rialto-gstreamer-9652/source/GStreamerMSEUtils.cpp
2025-08-22 06:21:10,072 - Knowledge - INFO - Found code-base-name: https://github.com/kavia-common/rialto-gstreamer-9652.git:kavia-6.0.0-rc1
2025-08-22 06:21:10,072 - Knowledge - INFO - Found code_base: <app.utils.kg_build.knowledge.KnowledgeCodeBase object at 0x7f4070134ad0>
2025-08-22 06:21:10,073 - Knowledge - INFO - process ingested knowledge for /app/data/b2c/9652/b7831ap/rialto-gstreamer-9652/source/MediaPlayerManager.cpp
2025-08-22 06:21:10,078 - Knowledge - INFO - Found code-base-name: https://github.com/kavia-common/rialto-gstreamer-9652.git:kavia-6.0.0-rc1
2025-08-22 06:21:10,078 - Knowledge - INFO - Found code_base: <app.utils.kg_build.knowledge.KnowledgeCodeBase object at 0x7f4070134ad0>
2025-08-22 06:21:10,078 - Knowledge - INFO - process ingested knowledge for /app/data/b2c/9652/b7831ap/rialto-gstreamer-9652/tests/ut/GStreamerUtilsTests.cpp
2025-08-22 06:21:10,083 - Knowledge - INFO - Found code-base-name: https://github.com/kavia-common/rialto-gstreamer-9652.git:kavia-6.0.0-rc1
2025-08-22 06:21:10,083 - Knowledge - INFO - Found code_base: <app.utils.kg_build.knowledge.KnowledgeCodeBase object at 0x7f4070134ad0>
2025-08-22 06:21:10,083 - Knowledge - INFO - process ingested knowledge for /app/data/b2c/9652/b7831ap/rialto-gstreamer-9652/tests/ut/WebAudioClientBackendTests.cpp
2025-08-22 06:21:10,092 - Knowledge - INFO - Found code-base-name: https://github.com/kavia-common/rialto-gstreamer-9652.git:kavia-6.0.0-rc1
2025-08-22 06:21:10,092 - Knowledge - INFO - Found code_base: <app.utils.kg_build.knowledge.KnowledgeCodeBase object at 0x7f4070134ad0>
2025-08-22 06:21:10,092 - Knowledge - INFO - process ingested knowledge for /app/data/b2c/9652/b7831ap/rialto-gstreamer-9652/tests/ut/BufferParserTests.cpp
2025-08-22 06:21:10,101 - Knowledge - INFO - Found code-base-name: https://github.com/kavia-common/rialto-gstreamer-9652.git:kavia-6.0.0-rc1
2025-08-22 06:21:10,101 - Knowledge - INFO - Found code_base: <app.utils.kg_build.knowledge.KnowledgeCodeBase object at 0x7f4070134ad0>
2025-08-22 06:21:10,101 - Knowledge - INFO - process ingested knowledge for /app/data/b2c/9652/b7831ap/rialto-gstreamer-9652/README.md
2025-08-22 06:21:10,107 - Knowledge - INFO - Found code-base-name: https://github.com/kavia-common/rialto-gstreamer-9652.git:kavia-6.0.0-rc1
2025-08-22 06:21:10,108 - Knowledge - INFO - Found code_base: <app.utils.kg_build.knowledge.KnowledgeCodeBase object at 0x7f4070134ad0>
2025-08-22 06:21:10,108 - Knowledge - INFO - process ingested knowledge for /app/data/b2c/9652/b7831ap/rialto-gstreamer-9652/source/WebAudioClientBackend.h
2025-08-22 06:21:10,115 - Knowledge - INFO - Found code-base-name: https://github.com/kavia-common/rialto-gstreamer-9652.git:kavia-6.0.0-rc1
2025-08-22 06:21:10,115 - Knowledge - INFO - Found code_base: <app.utils.kg_build.knowledge.KnowledgeCodeBase object at 0x7f4070134ad0>
2025-08-22 06:21:10,115 - Knowledge - INFO - process ingested knowledge for /app/data/b2c/9652/b7831ap/rialto-gstreamer-9652/source/BufferParser.h
2025-08-22 06:21:10,121 - Knowledge - INFO - Found code-base-name: https://github.com/kavia-common/rialto-gstreamer-9652.git:kavia-6.0.0-rc1
2025-08-22 06:21:10,121 - Knowledge - INFO - Found code_base: <app.utils.kg_build.knowledge.KnowledgeCodeBase object at 0x7f4070134ad0>
2025-08-22 06:21:10,121 - Knowledge - INFO - process ingested knowledge for /app/data/b2c/9652/b7831ap/rialto-gstreamer-9652/scripts/clang-format/process_clang-format_errors.py
2025-08-22 06:21:10,126 - Knowledge - INFO - Found code-base-name: https://github.com/kavia-common/rialto-gstreamer-9652.git:kavia-6.0.0-rc1
2025-08-22 06:21:10,126 - Knowledge - INFO - Found code_base: <app.utils.kg_build.knowledge.KnowledgeCodeBase object at 0x7f4070134ad0>
2025-08-22 06:21:10,126 - Knowledge - INFO - process ingested knowledge for /app/data/b2c/9652/b7831ap/rialto-gstreamer-9652/cppcheck_suppressions.xml
2025-08-22 06:21:10,133 - Knowledge - INFO - Found code-base-name: https://github.com/kavia-common/rialto-gstreamer-9652.git:kavia-6.0.0-rc1
2025-08-22 06:21:10,133 - Knowledge - INFO - Found code_base: <app.utils.kg_build.knowledge.KnowledgeCodeBase object at 0x7f4070134ad0>
2025-08-22 06:21:10,133 - Knowledge - INFO - process ingested knowledge for /app/data/b2c/9652/b7831ap/rialto-gstreamer-9652/tests/mocks/MediaPipelineClientMock.h
2025-08-22 06:21:10,138 - Knowledge - INFO - Found code-base-name: https://github.com/kavia-common/rialto-gstreamer-9652.git:kavia-6.0.0-rc1
2025-08-22 06:21:10,138 - Knowledge - INFO - Found code_base: <app.utils.kg_build.knowledge.KnowledgeCodeBase object at 0x7f4070134ad0>
2025-08-22 06:21:10,138 - Knowledge - INFO - process ingested knowledge for /app/data/b2c/9652/b7831ap/rialto-gstreamer-9652/source/RialtoGSteamerPlugin.cpp
2025-08-22 06:21:10,144 - Knowledge - INFO - Found code-base-name: https://github.com/kavia-common/rialto-gstreamer-9652.git:kavia-6.0.0-rc1
2025-08-22 06:21:10,144 - Knowledge - INFO - Found code_base: <app.utils.kg_build.knowledge.KnowledgeCodeBase object at 0x7f4070134ad0>
2025-08-22 06:21:10,144 - Knowledge - INFO - process ingested knowledge for /app/data/b2c/9652/b7831ap/rialto-gstreamer-9652/tests/third-party/source/ControlFactory.cpp
2025-08-22 06:21:10,166 - Knowledge - INFO - Found code-base-name: https://github.com/kavia-common/rialto-gstreamer-9652.git:kavia-6.0.0-rc1
2025-08-22 06:21:10,167 - Knowledge - INFO - Found code_base: <app.utils.kg_build.knowledge.KnowledgeCodeBase object at 0x7f4070134ad0>
2025-08-22 06:21:10,167 - Knowledge - INFO - process ingested knowledge for /app/data/b2c/9652/b7831ap/rialto-gstreamer-9652/source/GStreamerEMEUtils.cpp
2025-08-22 06:21:10,172 - Knowledge - INFO - Found code-base-name: https://github.com/kavia-common/rialto-gstreamer-9652.git:kavia-6.0.0-rc1
2025-08-22 06:21:10,172 - Knowledge - INFO - Found code_base: <app.utils.kg_build.knowledge.KnowledgeCodeBase object at 0x7f4070134ad0>
2025-08-22 06:21:10,172 - Knowledge - INFO - process ingested knowledge for /app/data/b2c/9652/b7831ap/rialto-gstreamer-9652/docs/index.html
2025-08-22 06:21:10,177 - Knowledge - INFO - Found code-base-name: https://github.com/kavia-common/rialto-gstreamer-9652.git:kavia-6.0.0-rc1
2025-08-22 06:21:10,177 - Knowledge - INFO - Found code_base: <app.utils.kg_build.knowledge.KnowledgeCodeBase object at 0x7f4070134ad0>
2025-08-22 06:21:10,177 - Knowledge - INFO - process ingested knowledge for /app/data/b2c/9652/b7831ap/rialto-gstreamer-9652/source/RialtoGStreamerMSEBaseSink.cpp
2025-08-22 06:21:10,184 - Knowledge - INFO - Found code-base-name: https://github.com/kavia-common/rialto-gstreamer-9652.git:kavia-6.0.0-rc1
2025-08-22 06:21:10,184 - Knowledge - INFO - Found code_base: <app.utils.kg_build.knowledge.KnowledgeCodeBase object at 0x7f4070134ad0>
2025-08-22 06:21:10,184 - Knowledge - INFO - process ingested knowledge for /app/data/b2c/9652/b7831ap/rialto-gstreamer-9652/source/RialtoGStreamerMSEBaseSinkPrivate.h
2025-08-22 06:21:10,189 - Knowledge - INFO - Found code-base-name: https://github.com/kavia-common/rialto-gstreamer-9652.git:kavia-6.0.0-rc1
2025-08-22 06:21:10,189 - Knowledge - INFO - Found code_base: <app.utils.kg_build.knowledge.KnowledgeCodeBase object at 0x7f4070134ad0>
2025-08-22 06:21:10,189 - Knowledge - INFO - process ingested knowledge for /app/data/b2c/9652/b7831ap/rialto-gstreamer-9652/cmake/FindRialto.cmake
2025-08-22 06:21:10,194 - Knowledge - INFO - Found code-base-name: https://github.com/kavia-common/rialto-gstreamer-9652.git:kavia-6.0.0-rc1
2025-08-22 06:21:10,194 - Knowledge - INFO - Found code_base: <app.utils.kg_build.knowledge.KnowledgeCodeBase object at 0x7f4070134ad0>
2025-08-22 06:21:10,194 - Knowledge - INFO - process ingested knowledge for /app/data/b2c/9652/b7831ap/rialto-gstreamer-9652/tests/mocks/WebAudioPlayerMock.h
2025-08-22 06:21:10,200 - Knowledge - INFO - Found code-base-name: https://github.com/kavia-common/rialto-gstreamer-9652.git:kavia-6.0.0-rc1
2025-08-22 06:21:10,200 - Knowledge - INFO - Found code_base: <app.utils.kg_build.knowledge.KnowledgeCodeBase object at 0x7f4070134ad0>
2025-08-22 06:21:10,200 - Knowledge - INFO - process ingested knowledge for /app/data/b2c/9652/b7831ap/rialto-gstreamer-9652/source/RialtoGStreamerWebAudioSink.cpp
2025-08-22 06:21:10,206 - Knowledge - INFO - Found code-base-name: https://github.com/kavia-common/rialto-gstreamer-9652.git:kavia-6.0.0-rc1
2025-08-22 06:21:10,206 - Knowledge - INFO - Found code_base: <app.utils.kg_build.knowledge.KnowledgeCodeBase object at 0x7f4070134ad0>
2025-08-22 06:21:10,206 - Knowledge - INFO - process ingested knowledge for /app/data/b2c/9652/b7831ap/rialto-gstreamer-9652/source/MediaPlayerClientBackendInterface.h
2025-08-22 06:21:10,216 - Knowledge - INFO - Found code-base-name: https://github.com/kavia-common/rialto-gstreamer-9652.git:kavia-6.0.0-rc1
2025-08-22 06:21:10,216 - Knowledge - INFO - Found code_base: <app.utils.kg_build.knowledge.KnowledgeCodeBase object at 0x7f4070134ad0>
2025-08-22 06:21:10,216 - Knowledge - INFO - process ingested knowledge for /app/data/b2c/9652/b7831ap/rialto-gstreamer-9652/CHANGELOG.md
2025-08-22 06:21:10,224 - Knowledge - INFO - Found code-base-name: https://github.com/kavia-common/rialto-gstreamer-9652.git:kavia-6.0.0-rc1
2025-08-22 06:21:10,224 - Knowledge - INFO - Found code_base: <app.utils.kg_build.knowledge.KnowledgeCodeBase object at 0x7f4070134ad0>
2025-08-22 06:21:10,224 - Knowledge - INFO - process ingested knowledge for /app/data/b2c/9652/b7831ap/rialto-gstreamer-9652/tests/ut/ControlBackendTests.cpp
2025-08-22 06:21:10,230 - Knowledge - INFO - Found code-base-name: https://github.com/kavia-common/rialto-gstreamer-9652.git:kavia-6.0.0-rc1
2025-08-22 06:21:10,230 - Knowledge - INFO - Found code_base: <app.utils.kg_build.knowledge.KnowledgeCodeBase object at 0x7f4070134ad0>
2025-08-22 06:21:10,230 - Knowledge - INFO - process ingested knowledge for /app/data/b2c/9652/b7831ap/rialto-gstreamer-9652/CONTRIBUTING.md
2025-08-22 06:21:10,236 - Knowledge - INFO - Found code-base-name: https://github.com/kavia-common/rialto-gstreamer-9652.git:kavia-6.0.0-rc1
2025-08-22 06:21:10,236 - Knowledge - INFO - Found code_base: <app.utils.kg_build.knowledge.KnowledgeCodeBase object at 0x7f4070134ad0>
2025-08-22 06:21:10,236 - Knowledge - INFO - process ingested knowledge for /app/data/b2c/9652/b7831ap/rialto-gstreamer-9652/source/RialtoGStreamerMSEAudioSink.h
2025-08-22 06:21:10,242 - Knowledge - INFO - Found code-base-name: https://github.com/kavia-common/rialto-gstreamer-9652.git:kavia-6.0.0-rc1
2025-08-22 06:21:10,245 - Knowledge - INFO - Found code_base: <app.utils.kg_build.knowledge.KnowledgeCodeBase object at 0x7f4070134ad0>
2025-08-22 06:21:10,245 - Knowledge - INFO - process ingested knowledge for /app/data/b2c/9652/b7831ap/rialto-gstreamer-9652/source/Timer.h
2025-08-22 06:21:10,264 - Knowledge - INFO - Found code-base-name: https://github.com/kavia-common/rialto-gstreamer-9652.git:kavia-6.0.0-rc1
2025-08-22 06:21:10,265 - Knowledge - INFO - Found code_base: <app.utils.kg_build.knowledge.KnowledgeCodeBase object at 0x7f4070134ad0>
2025-08-22 06:21:10,265 - Knowledge - INFO - process ingested knowledge for /app/data/b2c/9652/b7831ap/rialto-gstreamer-9652/tests/third-party/CMakeLists.txt
2025-08-22 06:21:10,271 - Knowledge - INFO - Found code-base-name: https://github.com/kavia-common/rialto-gstreamer-9652.git:kavia-6.0.0-rc1
2025-08-22 06:21:10,271 - Knowledge - INFO - Found code_base: <app.utils.kg_build.knowledge.KnowledgeCodeBase object at 0x7f4070134ad0>
2025-08-22 06:21:10,271 - Knowledge - INFO - process ingested knowledge for /app/data/b2c/9652/b7831ap/rialto-gstreamer-9652/source/GStreamerWebAudioPlayerClient.cpp
2025-08-22 06:21:10,280 - Knowledge - INFO - Found code-base-name: https://github.com/kavia-common/rialto-gstreamer-9652.git:kavia-6.0.0-rc1
2025-08-22 06:21:10,280 - Knowledge - INFO - Found code_base: <app.utils.kg_build.knowledge.KnowledgeCodeBase object at 0x7f4070134ad0>
2025-08-22 06:21:10,280 - Knowledge - INFO - process ingested knowledge for /app/data/b2c/9652/b7831ap/rialto-gstreamer-9652/source/RialtoGStreamerMSEVideoSink.cpp
2025-08-22 06:21:10,288 - Knowledge - INFO - Found code-base-name: https://github.com/kavia-common/rialto-gstreamer-9652.git:kavia-6.0.0-rc1
2025-08-22 06:21:10,289 - Knowledge - INFO - Found code_base: <app.utils.kg_build.knowledge.KnowledgeCodeBase object at 0x7f4070134ad0>
2025-08-22 06:21:10,289 - Knowledge - INFO - process ingested knowledge for /app/data/b2c/9652/b7831ap/rialto-gstreamer-9652/source/RialtoGStreamerMSEVideoSinkPrivate.h
2025-08-22 06:21:10,296 - Knowledge - INFO - Found code-base-name: https://github.com/kavia-common/rialto-gstreamer-9652.git:kavia-6.0.0-rc1
2025-08-22 06:21:10,296 - Knowledge - INFO - Found code_base: <app.utils.kg_build.knowledge.KnowledgeCodeBase object at 0x7f4070134ad0>
2025-08-22 06:21:10,296 - Knowledge - INFO - process ingested knowledge for /app/data/b2c/9652/b7831ap/rialto-gstreamer-9652/source/ControlBackend.h
2025-08-22 06:21:10,301 - Knowledge - INFO - Found code-base-name: https://github.com/kavia-common/rialto-gstreamer-9652.git:kavia-6.0.0-rc1
2025-08-22 06:21:10,301 - Knowledge - INFO - Found code_base: <app.utils.kg_build.knowledge.KnowledgeCodeBase object at 0x7f4070134ad0>
2025-08-22 06:21:10,301 - Knowledge - INFO - process ingested knowledge for /app/data/b2c/9652/b7831ap/rialto-gstreamer-9652/tests/mocks/ControlMock.h
2025-08-22 06:21:10,306 - Knowledge - INFO - Found code-base-name: https://github.com/kavia-common/rialto-gstreamer-9652.git:kavia-6.0.0-rc1
2025-08-22 06:21:10,306 - Knowledge - INFO - Found code_base: <app.utils.kg_build.knowledge.KnowledgeCodeBase object at 0x7f4070134ad0>
2025-08-22 06:21:10,306 - Knowledge - INFO - process ingested knowledge for /app/data/b2c/9652/b7831ap/rialto-gstreamer-9652/tests/third-party/source/WebAudioPlayerFactory.cpp
2025-08-22 06:21:10,310 - Knowledge - INFO - Found code-base-name: https://github.com/kavia-common/rialto-gstreamer-9652.git:kavia-6.0.0-rc1
2025-08-22 06:21:10,311 - Knowledge - INFO - Found code_base: <app.utils.kg_build.knowledge.KnowledgeCodeBase object at 0x7f4070134ad0>
2025-08-22 06:21:10,311 - Knowledge - INFO - process ingested knowledge for /app/data/b2c/9652/b7831ap/rialto-gstreamer-9652/build_ut.py
2025-08-22 06:21:10,314 - Knowledge - INFO - load persisted knowledge: end
2025-08-22 06:21:10,314 - Knowledge - INFO - load persisted docinfo: begin
2025-08-22 06:21:10,316 - Knowledge - INFO - load persisted docinfo: end
2025-08-22 06:21:10,372 - Knowledge - INFO - worker kw1 created with dedicated MongoDB connection (total: 1)
2025-08-22 06:21:10,372 - Knowledge - INFO - knowledge worker kw1 start
2025-08-22 06:21:10,374 - Knowledge - INFO - Knowledge creation complete
2025-08-22 06:21:10,375 - Knowledge - INFO - Updating org costs, total cost: 0
2025-08-22 06:21:10,378 - Knowledge - INFO - Saving knowledge to Redis...
2025-08-22 06:21:10,414 - Knowledge - INFO - Knowledge saved to Redis successfully
2025-08-22 06:31:19,702 - Knowledge - INFO - Redis support added with prefix knowledge:b7831ap:
2025-08-22 06:31:19,879 - Knowledge - INFO - load persisted knowledge: begin
2025-08-22 06:31:19,888 - Knowledge - INFO - Found code-base-name: https://github.com/kavia-common/rialto-gstreamer-9652.git:kavia-6.0.0-rc1
2025-08-22 06:31:19,888 - Knowledge - INFO - Found code_base: <app.utils.kg_build.knowledge.KnowledgeCodeBase object at 0x7f20805cd490>
2025-08-22 06:31:19,889 - Knowledge - INFO - process ingested knowledge for /app/data/b2c/9652/b7831ap/rialto-gstreamer-9652/source/RialtoGStreamerWebAudioSink.h
2025-08-22 06:31:19,898 - Knowledge - INFO - Found code-base-name: https://github.com/kavia-common/rialto-gstreamer-9652.git:kavia-6.0.0-rc1
2025-08-22 06:31:19,898 - Knowledge - INFO - Found code_base: <app.utils.kg_build.knowledge.KnowledgeCodeBase object at 0x7f20805cd490>
2025-08-22 06:31:19,898 - Knowledge - INFO - process ingested knowledge for /app/data/b2c/9652/b7831ap/rialto-gstreamer-9652/source/RialtoGStreamerMSEBaseSinkCallbacks.h
2025-08-22 06:31:19,911 - Knowledge - INFO - Found code-base-name: https://github.com/kavia-common/rialto-gstreamer-9652.git:kavia-6.0.0-rc1
2025-08-22 06:31:19,911 - Knowledge - INFO - Found code_base: <app.utils.kg_build.knowledge.KnowledgeCodeBase object at 0x7f20805cd490>
2025-08-22 06:31:19,911 - Knowledge - INFO - process ingested knowledge for /app/data/b2c/9652/b7831ap/rialto-gstreamer-9652/tests/ut/GStreamerEmeUtilsTests.cpp
2025-08-22 06:31:19,922 - Knowledge - INFO - Found code-base-name: https://github.com/kavia-common/rialto-gstreamer-9652.git:kavia-6.0.0-rc1
2025-08-22 06:31:19,922 - Knowledge - INFO - Found code_base: <app.utils.kg_build.knowledge.KnowledgeCodeBase object at 0x7f20805cd490>
2025-08-22 06:31:19,923 - Knowledge - INFO - process ingested knowledge for /app/data/b2c/9652/b7831ap/rialto-gstreamer-9652/source/MessageQueue.h
2025-08-22 06:31:19,933 - Knowledge - INFO - Found code-base-name: https://github.com/kavia-common/rialto-gstreamer-9652.git:kavia-6.0.0-rc1
2025-08-22 06:31:19,933 - Knowledge - INFO - Found code_base: <app.utils.kg_build.knowledge.KnowledgeCodeBase object at 0x7f20805cd490>
2025-08-22 06:31:19,933 - Knowledge - INFO - process ingested knowledge for /app/data/b2c/9652/b7831ap/rialto-gstreamer-9652/source/ControlBackendInterface.h
2025-08-22 06:31:19,943 - Knowledge - INFO - Found code-base-name: https://github.com/kavia-common/rialto-gstreamer-9652.git:kavia-6.0.0-rc1
2025-08-22 06:31:19,943 - Knowledge - INFO - Found code_base: <app.utils.kg_build.knowledge.KnowledgeCodeBase object at 0x7f20805cd490>
2025-08-22 06:31:19,943 - Knowledge - INFO - process ingested knowledge for /app/data/b2c/9652/b7831ap/rialto-gstreamer-9652/source/RialtoGStreamerMSEBaseSink.h
2025-08-22 06:31:19,957 - Knowledge - INFO - Found code-base-name: https://github.com/kavia-common/rialto-gstreamer-9652.git:kavia-6.0.0-rc1
2025-08-22 06:31:19,957 - Knowledge - INFO - Found code_base: <app.utils.kg_build.knowledge.KnowledgeCodeBase object at 0x7f20805cd490>
2025-08-22 06:31:19,957 - Knowledge - INFO - process ingested knowledge for /app/data/b2c/9652/b7831ap/rialto-gstreamer-9652/tests/third-party/source/MediaPipelineFactory.cpp
2025-08-22 06:31:19,968 - Knowledge - INFO - Found code-base-name: https://github.com/kavia-common/rialto-gstreamer-9652.git:kavia-6.0.0-rc1
2025-08-22 06:31:19,968 - Knowledge - INFO - Found code_base: <app.utils.kg_build.knowledge.KnowledgeCodeBase object at 0x7f20805cd490>
2025-08-22 06:31:19,968 - Knowledge - INFO - process ingested knowledge for /app/data/b2c/9652/b7831ap/rialto-gstreamer-9652/tests/ut/CMakeLists.txt
2025-08-22 06:31:19,977 - Knowledge - INFO - Found code-base-name: https://github.com/kavia-common/rialto-gstreamer-9652.git:kavia-6.0.0-rc1
2025-08-22 06:31:19,977 - Knowledge - INFO - Found code_base: <app.utils.kg_build.knowledge.KnowledgeCodeBase object at 0x7f20805cd490>
2025-08-22 06:31:19,977 - Knowledge - INFO - process ingested knowledge for /app/data/b2c/9652/b7831ap/rialto-gstreamer-9652/source/BufferParser.cpp
2025-08-22 06:31:19,990 - Knowledge - INFO - Found code-base-name: https://github.com/kavia-common/rialto-gstreamer-9652.git:kavia-6.0.0-rc1
2025-08-22 06:31:19,990 - Knowledge - INFO - Found code_base: <app.utils.kg_build.knowledge.KnowledgeCodeBase object at 0x7f20805cd490>
2025-08-22 06:31:19,990 - Knowledge - INFO - process ingested knowledge for /app/data/b2c/9652/b7831ap/rialto-gstreamer-9652/source/GStreamerEMEUtils.h
2025-08-22 06:31:20,001 - Knowledge - INFO - Found code-base-name: https://github.com/kavia-common/rialto-gstreamer-9652.git:kavia-6.0.0-rc1
2025-08-22 06:31:20,001 - Knowledge - INFO - Found code_base: <app.utils.kg_build.knowledge.KnowledgeCodeBase object at 0x7f20805cd490>
2025-08-22 06:31:20,002 - Knowledge - INFO - process ingested knowledge for /app/data/b2c/9652/b7831ap/rialto-gstreamer-9652/tests/mocks/MediaPipelineMock.h
2025-08-22 06:31:20,012 - Knowledge - INFO - Found code-base-name: https://github.com/kavia-common/rialto-gstreamer-9652.git:kavia-6.0.0-rc1
2025-08-22 06:31:20,013 - Knowledge - INFO - Found code_base: <app.utils.kg_build.knowledge.KnowledgeCodeBase object at 0x7f20805cd490>
2025-08-22 06:31:20,013 - Knowledge - INFO - process ingested knowledge for /app/data/b2c/9652/b7831ap/rialto-gstreamer-9652/tests/mocks/CMakeLists.txt
2025-08-22 06:31:20,022 - Knowledge - INFO - Found code-base-name: https://github.com/kavia-common/rialto-gstreamer-9652.git:kavia-6.0.0-rc1
2025-08-22 06:31:20,024 - Knowledge - INFO - Found code_base: <app.utils.kg_build.knowledge.KnowledgeCodeBase object at 0x7f20805cd490>
2025-08-22 06:31:20,024 - Knowledge - INFO - process ingested knowledge for /app/data/b2c/9652/b7831ap/rialto-gstreamer-9652/source/GStreamerWebAudioPlayerClient.h
2025-08-22 06:31:20,038 - Knowledge - INFO - Found code-base-name: https://github.com/kavia-common/rialto-gstreamer-9652.git:kavia-6.0.0-rc1
2025-08-22 06:31:20,038 - Knowledge - INFO - Found code_base: <app.utils.kg_build.knowledge.KnowledgeCodeBase object at 0x7f20805cd490>
2025-08-22 06:31:20,038 - Knowledge - INFO - process ingested knowledge for /app/data/b2c/9652/b7831ap/rialto-gstreamer-9652/source/GStreamerMSEMediaPlayerClient.cpp
2025-08-22 06:31:20,051 - Knowledge - INFO - Found code-base-name: https://github.com/kavia-common/rialto-gstreamer-9652.git:kavia-6.0.0-rc1
2025-08-22 06:31:20,051 - Knowledge - INFO - Found code_base: <app.utils.kg_build.knowledge.KnowledgeCodeBase object at 0x7f20805cd490>
2025-08-22 06:31:20,051 - Knowledge - INFO - process ingested knowledge for /app/data/b2c/9652/b7831ap/rialto-gstreamer-9652/source/GStreamerUtils.cpp
2025-08-22 06:31:20,061 - Knowledge - INFO - Found code-base-name: https://github.com/kavia-common/rialto-gstreamer-9652.git:kavia-6.0.0-rc1
2025-08-22 06:31:20,061 - Knowledge - INFO - Found code_base: <app.utils.kg_build.knowledge.KnowledgeCodeBase object at 0x7f20805cd490>
2025-08-22 06:31:20,061 - Knowledge - INFO - process ingested knowledge for /app/data/b2c/9652/b7831ap/rialto-gstreamer-9652/source/RialtoGStreamerMSEVideoSink.h
2025-08-22 06:31:20,071 - Knowledge - INFO - Found code-base-name: https://github.com/kavia-common/rialto-gstreamer-9652.git:kavia-6.0.0-rc1
2025-08-22 06:31:20,071 - Knowledge - INFO - Found code_base: <app.utils.kg_build.knowledge.KnowledgeCodeBase object at 0x7f20805cd490>
2025-08-22 06:31:20,071 - Knowledge - INFO - process ingested knowledge for /app/data/b2c/9652/b7831ap/rialto-gstreamer-9652/cmake/googletest.cmake
2025-08-22 06:31:20,085 - Knowledge - INFO - Found code-base-name: https://github.com/kavia-common/rialto-gstreamer-9652.git:kavia-6.0.0-rc1
2025-08-22 06:31:20,085 - Knowledge - INFO - Found code_base: <app.utils.kg_build.knowledge.KnowledgeCodeBase object at 0x7f20805cd490>
2025-08-22 06:31:20,086 - Knowledge - INFO - process ingested knowledge for /app/data/b2c/9652/b7831ap/rialto-gstreamer-9652/source/RialtoGStreamerMSEAudioSink.cpp
2025-08-22 06:31:20,102 - Knowledge - INFO - Found code-base-name: https://github.com/kavia-common/rialto-gstreamer-9652.git:kavia-6.0.0-rc1
2025-08-22 06:31:20,102 - Knowledge - INFO - Found code_base: <app.utils.kg_build.knowledge.KnowledgeCodeBase object at 0x7f20805cd490>
2025-08-22 06:31:20,102 - Knowledge - INFO - process ingested knowledge for /app/data/b2c/9652/b7831ap/rialto-gstreamer-9652/tests/ut/MediaPlayerClientBackendTests.cpp
2025-08-22 06:31:20,113 - Knowledge - INFO - Found code-base-name: https://github.com/kavia-common/rialto-gstreamer-9652.git:kavia-6.0.0-rc1
2025-08-22 06:31:20,113 - Knowledge - INFO - Found code_base: <app.utils.kg_build.knowledge.KnowledgeCodeBase object at 0x7f20805cd490>
2025-08-22 06:31:20,114 - Knowledge - INFO - process ingested knowledge for /app/data/b2c/9652/b7831ap/rialto-gstreamer-9652/source/Timer.cpp
2025-08-22 06:31:20,126 - Knowledge - INFO - Found code-base-name: https://github.com/kavia-common/rialto-gstreamer-9652.git:kavia-6.0.0-rc1
2025-08-22 06:31:20,126 - Knowledge - INFO - Found code_base: <app.utils.kg_build.knowledge.KnowledgeCodeBase object at 0x7f20805cd490>
2025-08-22 06:31:20,127 - Knowledge - INFO - process ingested knowledge for /app/data/b2c/9652/b7831ap/rialto-gstreamer-9652/tests/third-party/source/MediaPipelineCapabilitiesFactory.cpp
2025-08-22 06:31:20,137 - Knowledge - INFO - Found code-base-name: https://github.com/kavia-common/rialto-gstreamer-9652.git:kavia-6.0.0-rc1
2025-08-22 06:31:20,137 - Knowledge - INFO - Found code_base: <app.utils.kg_build.knowledge.KnowledgeCodeBase object at 0x7f20805cd490>
2025-08-22 06:31:20,137 - Knowledge - INFO - process ingested knowledge for /app/data/b2c/9652/b7831ap/rialto-gstreamer-9652/source/MediaPlayerClientBackend.h
2025-08-22 06:31:20,149 - Knowledge - INFO - Found code-base-name: https://github.com/kavia-common/rialto-gstreamer-9652.git:kavia-6.0.0-rc1
2025-08-22 06:31:20,149 - Knowledge - INFO - Found code_base: <app.utils.kg_build.knowledge.KnowledgeCodeBase object at 0x7f20805cd490>
2025-08-22 06:31:20,149 - Knowledge - INFO - process ingested knowledge for /app/data/b2c/9652/b7831ap/rialto-gstreamer-9652/TERMS.md
2025-08-22 06:31:20,159 - Knowledge - INFO - Found code-base-name: https://github.com/kavia-common/rialto-gstreamer-9652.git:kavia-6.0.0-rc1
2025-08-22 06:31:20,159 - Knowledge - INFO - Found code_base: <app.utils.kg_build.knowledge.KnowledgeCodeBase object at 0x7f20805cd490>
2025-08-22 06:31:20,160 - Knowledge - INFO - process ingested knowledge for /app/data/b2c/9652/b7831ap/rialto-gstreamer-9652/scripts/valgrind/process_valgrind_results.py
2025-08-22 06:31:20,171 - Knowledge - INFO - Found code-base-name: https://github.com/kavia-common/rialto-gstreamer-9652.git:kavia-6.0.0-rc1
2025-08-22 06:31:20,171 - Knowledge - INFO - Found code_base: <app.utils.kg_build.knowledge.KnowledgeCodeBase object at 0x7f20805cd490>
2025-08-22 06:31:20,171 - Knowledge - INFO - process ingested knowledge for /app/data/b2c/9652/b7831ap/rialto-gstreamer-9652/tests/mocks/WebAudioPlayerClientMock.h
2025-08-22 06:31:20,182 - Knowledge - INFO - Found code-base-name: https://github.com/kavia-common/rialto-gstreamer-9652.git:kavia-6.0.0-rc1
2025-08-22 06:31:20,182 - Knowledge - INFO - Found code_base: <app.utils.kg_build.knowledge.KnowledgeCodeBase object at 0x7f20805cd490>
2025-08-22 06:31:20,182 - Knowledge - INFO - process ingested knowledge for /app/data/b2c/9652/b7831ap/rialto-gstreamer-9652/source/GStreamerMSEUtils.h
2025-08-22 06:31:20,191 - Knowledge - INFO - Found code-base-name: https://github.com/kavia-common/rialto-gstreamer-9652.git:kavia-6.0.0-rc1
2025-08-22 06:31:20,192 - Knowledge - INFO - Found code_base: <app.utils.kg_build.knowledge.KnowledgeCodeBase object at 0x7f20805cd490>
2025-08-22 06:31:20,192 - Knowledge - INFO - process ingested knowledge for /app/data/b2c/9652/b7831ap/rialto-gstreamer-9652/CMakeLists.txt
2025-08-22 06:31:20,200 - Knowledge - INFO - Found code-base-name: https://github.com/kavia-common/rialto-gstreamer-9652.git:kavia-6.0.0-rc1
2025-08-22 06:31:20,200 - Knowledge - INFO - Found code_base: <app.utils.kg_build.knowledge.KnowledgeCodeBase object at 0x7f20805cd490>
2025-08-22 06:31:20,200 - Knowledge - INFO - process ingested knowledge for /app/data/b2c/9652/b7831ap/rialto-gstreamer-9652/source/WebAudioClientBackendInterface.h
2025-08-22 06:31:20,210 - Knowledge - INFO - Found code-base-name: https://github.com/kavia-common/rialto-gstreamer-9652.git:kavia-6.0.0-rc1
2025-08-22 06:31:20,210 - Knowledge - INFO - Found code_base: <app.utils.kg_build.knowledge.KnowledgeCodeBase object at 0x7f20805cd490>
2025-08-22 06:31:20,210 - Knowledge - INFO - process ingested knowledge for /app/data/b2c/9652/b7831ap/rialto-gstreamer-9652/tests/mocks/MediaPipelineCapabilitiesMock.h
2025-08-22 06:31:20,219 - Knowledge - INFO - Found code-base-name: https://github.com/kavia-common/rialto-gstreamer-9652.git:kavia-6.0.0-rc1
2025-08-22 06:31:20,219 - Knowledge - INFO - Found code_base: <app.utils.kg_build.knowledge.KnowledgeCodeBase object at 0x7f20805cd490>
2025-08-22 06:31:20,219 - Knowledge - INFO - process ingested knowledge for /app/data/b2c/9652/b7831ap/rialto-gstreamer-9652/source/CMakeLists.txt
2025-08-22 06:31:20,231 - Knowledge - INFO - Found code-base-name: https://github.com/kavia-common/rialto-gstreamer-9652.git:kavia-6.0.0-rc1
2025-08-22 06:31:20,231 - Knowledge - INFO - Found code_base: <app.utils.kg_build.knowledge.KnowledgeCodeBase object at 0x7f20805cd490>
2025-08-22 06:31:20,231 - Knowledge - INFO - process ingested knowledge for /app/data/b2c/9652/b7831ap/rialto-gstreamer-9652/source/MediaPlayerManager.h
2025-08-22 06:31:20,242 - Knowledge - INFO - Found code-base-name: https://github.com/kavia-common/rialto-gstreamer-9652.git:kavia-6.0.0-rc1
2025-08-22 06:31:20,243 - Knowledge - INFO - Found code_base: <app.utils.kg_build.knowledge.KnowledgeCodeBase object at 0x7f20805cd490>
2025-08-22 06:31:20,243 - Knowledge - INFO - process ingested knowledge for /app/data/b2c/9652/b7831ap/rialto-gstreamer-9652/cmake/FindocdmRialto.cmake
2025-08-22 06:31:20,252 - Knowledge - INFO - Found code-base-name: https://github.com/kavia-common/rialto-gstreamer-9652.git:kavia-6.0.0-rc1
2025-08-22 06:31:20,252 - Knowledge - INFO - Found code_base: <app.utils.kg_build.knowledge.KnowledgeCodeBase object at 0x7f20805cd490>
2025-08-22 06:31:20,252 - Knowledge - INFO - process ingested knowledge for /app/data/b2c/9652/b7831ap/rialto-gstreamer-9652/source/GStreamerUtils.h
2025-08-22 06:31:20,266 - Knowledge - INFO - Found code-base-name: https://github.com/kavia-common/rialto-gstreamer-9652.git:kavia-6.0.0-rc1
2025-08-22 06:31:20,266 - Knowledge - INFO - Found code_base: <app.utils.kg_build.knowledge.KnowledgeCodeBase object at 0x7f20805cd490>
2025-08-22 06:31:20,266 - Knowledge - INFO - process ingested knowledge for /app/data/b2c/9652/b7831ap/rialto-gstreamer-9652/source/GStreamerMSEMediaPlayerClient.h
2025-08-22 06:31:20,277 - Knowledge - INFO - Found code-base-name: https://github.com/kavia-common/rialto-gstreamer-9652.git:kavia-6.0.0-rc1
2025-08-22 06:31:20,277 - Knowledge - INFO - Found code_base: <app.utils.kg_build.knowledge.KnowledgeCodeBase object at 0x7f20805cd490>
2025-08-22 06:31:20,277 - Knowledge - INFO - process ingested knowledge for /app/data/b2c/9652/b7831ap/rialto-gstreamer-9652/source/GStreamerMSEUtils.cpp
2025-08-22 06:31:20,287 - Knowledge - INFO - Found code-base-name: https://github.com/kavia-common/rialto-gstreamer-9652.git:kavia-6.0.0-rc1
2025-08-22 06:31:20,287 - Knowledge - INFO - Found code_base: <app.utils.kg_build.knowledge.KnowledgeCodeBase object at 0x7f20805cd490>
2025-08-22 06:31:20,287 - Knowledge - INFO - process ingested knowledge for /app/data/b2c/9652/b7831ap/rialto-gstreamer-9652/source/MediaPlayerManager.cpp
2025-08-22 06:31:20,301 - Knowledge - INFO - Found code-base-name: https://github.com/kavia-common/rialto-gstreamer-9652.git:kavia-6.0.0-rc1
2025-08-22 06:31:20,301 - Knowledge - INFO - Found code_base: <app.utils.kg_build.knowledge.KnowledgeCodeBase object at 0x7f20805cd490>
2025-08-22 06:31:20,301 - Knowledge - INFO - process ingested knowledge for /app/data/b2c/9652/b7831ap/rialto-gstreamer-9652/tests/ut/GStreamerUtilsTests.cpp
2025-08-22 06:31:20,310 - Knowledge - INFO - Found code-base-name: https://github.com/kavia-common/rialto-gstreamer-9652.git:kavia-6.0.0-rc1
2025-08-22 06:31:20,310 - Knowledge - INFO - Found code_base: <app.utils.kg_build.knowledge.KnowledgeCodeBase object at 0x7f20805cd490>
2025-08-22 06:31:20,310 - Knowledge - INFO - process ingested knowledge for /app/data/b2c/9652/b7831ap/rialto-gstreamer-9652/tests/ut/WebAudioClientBackendTests.cpp
2025-08-22 06:31:20,320 - Knowledge - INFO - Found code-base-name: https://github.com/kavia-common/rialto-gstreamer-9652.git:kavia-6.0.0-rc1
2025-08-22 06:31:20,320 - Knowledge - INFO - Found code_base: <app.utils.kg_build.knowledge.KnowledgeCodeBase object at 0x7f20805cd490>
2025-08-22 06:31:20,320 - Knowledge - INFO - process ingested knowledge for /app/data/b2c/9652/b7831ap/rialto-gstreamer-9652/tests/ut/BufferParserTests.cpp
2025-08-22 06:31:20,332 - Knowledge - INFO - Found code-base-name: https://github.com/kavia-common/rialto-gstreamer-9652.git:kavia-6.0.0-rc1
2025-08-22 06:31:20,332 - Knowledge - INFO - Found code_base: <app.utils.kg_build.knowledge.KnowledgeCodeBase object at 0x7f20805cd490>
2025-08-22 06:31:20,332 - Knowledge - INFO - process ingested knowledge for /app/data/b2c/9652/b7831ap/rialto-gstreamer-9652/README.md
2025-08-22 06:31:20,340 - Knowledge - INFO - Found code-base-name: https://github.com/kavia-common/rialto-gstreamer-9652.git:kavia-6.0.0-rc1
2025-08-22 06:31:20,340 - Knowledge - INFO - Found code_base: <app.utils.kg_build.knowledge.KnowledgeCodeBase object at 0x7f20805cd490>
2025-08-22 06:31:20,340 - Knowledge - INFO - process ingested knowledge for /app/data/b2c/9652/b7831ap/rialto-gstreamer-9652/source/WebAudioClientBackend.h
2025-08-22 06:31:20,350 - Knowledge - INFO - Found code-base-name: https://github.com/kavia-common/rialto-gstreamer-9652.git:kavia-6.0.0-rc1
2025-08-22 06:31:20,351 - Knowledge - INFO - Found code_base: <app.utils.kg_build.knowledge.KnowledgeCodeBase object at 0x7f20805cd490>
2025-08-22 06:31:20,351 - Knowledge - INFO - process ingested knowledge for /app/data/b2c/9652/b7831ap/rialto-gstreamer-9652/source/BufferParser.h
2025-08-22 06:31:20,360 - Knowledge - INFO - Found code-base-name: https://github.com/kavia-common/rialto-gstreamer-9652.git:kavia-6.0.0-rc1
2025-08-22 06:31:20,361 - Knowledge - INFO - Found code_base: <app.utils.kg_build.knowledge.KnowledgeCodeBase object at 0x7f20805cd490>
2025-08-22 06:31:20,361 - Knowledge - INFO - process ingested knowledge for /app/data/b2c/9652/b7831ap/rialto-gstreamer-9652/scripts/clang-format/process_clang-format_errors.py
2025-08-22 06:31:20,369 - Knowledge - INFO - Found code-base-name: https://github.com/kavia-common/rialto-gstreamer-9652.git:kavia-6.0.0-rc1
2025-08-22 06:31:20,369 - Knowledge - INFO - Found code_base: <app.utils.kg_build.knowledge.KnowledgeCodeBase object at 0x7f20805cd490>
2025-08-22 06:31:20,369 - Knowledge - INFO - process ingested knowledge for /app/data/b2c/9652/b7831ap/rialto-gstreamer-9652/cppcheck_suppressions.xml
2025-08-22 06:31:20,376 - Knowledge - INFO - Found code-base-name: https://github.com/kavia-common/rialto-gstreamer-9652.git:kavia-6.0.0-rc1
2025-08-22 06:31:20,376 - Knowledge - INFO - Found code_base: <app.utils.kg_build.knowledge.KnowledgeCodeBase object at 0x7f20805cd490>
2025-08-22 06:31:20,376 - Knowledge - INFO - process ingested knowledge for /app/data/b2c/9652/b7831ap/rialto-gstreamer-9652/tests/mocks/MediaPipelineClientMock.h
2025-08-22 06:31:20,385 - Knowledge - INFO - Found code-base-name: https://github.com/kavia-common/rialto-gstreamer-9652.git:kavia-6.0.0-rc1
2025-08-22 06:31:20,385 - Knowledge - INFO - Found code_base: <app.utils.kg_build.knowledge.KnowledgeCodeBase object at 0x7f20805cd490>
2025-08-22 06:31:20,385 - Knowledge - INFO - process ingested knowledge for /app/data/b2c/9652/b7831ap/rialto-gstreamer-9652/source/RialtoGSteamerPlugin.cpp
2025-08-22 06:31:20,395 - Knowledge - INFO - Found code-base-name: https://github.com/kavia-common/rialto-gstreamer-9652.git:kavia-6.0.0-rc1
2025-08-22 06:31:20,395 - Knowledge - INFO - Found code_base: <app.utils.kg_build.knowledge.KnowledgeCodeBase object at 0x7f20805cd490>
2025-08-22 06:31:20,395 - Knowledge - INFO - process ingested knowledge for /app/data/b2c/9652/b7831ap/rialto-gstreamer-9652/tests/third-party/source/ControlFactory.cpp
2025-08-22 06:31:20,406 - Knowledge - INFO - Found code-base-name: https://github.com/kavia-common/rialto-gstreamer-9652.git:kavia-6.0.0-rc1
2025-08-22 06:31:20,406 - Knowledge - INFO - Found code_base: <app.utils.kg_build.knowledge.KnowledgeCodeBase object at 0x7f20805cd490>
2025-08-22 06:31:20,406 - Knowledge - INFO - process ingested knowledge for /app/data/b2c/9652/b7831ap/rialto-gstreamer-9652/source/GStreamerEMEUtils.cpp
2025-08-22 06:31:20,417 - Knowledge - INFO - Found code-base-name: https://github.com/kavia-common/rialto-gstreamer-9652.git:kavia-6.0.0-rc1
2025-08-22 06:31:20,418 - Knowledge - INFO - Found code_base: <app.utils.kg_build.knowledge.KnowledgeCodeBase object at 0x7f20805cd490>
2025-08-22 06:31:20,418 - Knowledge - INFO - process ingested knowledge for /app/data/b2c/9652/b7831ap/rialto-gstreamer-9652/docs/index.html
2025-08-22 06:31:20,427 - Knowledge - INFO - Found code-base-name: https://github.com/kavia-common/rialto-gstreamer-9652.git:kavia-6.0.0-rc1
2025-08-22 06:31:20,427 - Knowledge - INFO - Found code_base: <app.utils.kg_build.knowledge.KnowledgeCodeBase object at 0x7f20805cd490>
2025-08-22 06:31:20,427 - Knowledge - INFO - process ingested knowledge for /app/data/b2c/9652/b7831ap/rialto-gstreamer-9652/source/RialtoGStreamerMSEBaseSink.cpp
2025-08-22 06:31:20,441 - Knowledge - INFO - Found code-base-name: https://github.com/kavia-common/rialto-gstreamer-9652.git:kavia-6.0.0-rc1
2025-08-22 06:31:20,441 - Knowledge - INFO - Found code_base: <app.utils.kg_build.knowledge.KnowledgeCodeBase object at 0x7f20805cd490>
2025-08-22 06:31:20,442 - Knowledge - INFO - process ingested knowledge for /app/data/b2c/9652/b7831ap/rialto-gstreamer-9652/source/RialtoGStreamerMSEBaseSinkPrivate.h
2025-08-22 06:31:20,450 - Knowledge - INFO - Found code-base-name: https://github.com/kavia-common/rialto-gstreamer-9652.git:kavia-6.0.0-rc1
2025-08-22 06:31:20,451 - Knowledge - INFO - Found code_base: <app.utils.kg_build.knowledge.KnowledgeCodeBase object at 0x7f20805cd490>
2025-08-22 06:31:20,451 - Knowledge - INFO - process ingested knowledge for /app/data/b2c/9652/b7831ap/rialto-gstreamer-9652/cmake/FindRialto.cmake
2025-08-22 06:31:20,459 - Knowledge - INFO - Found code-base-name: https://github.com/kavia-common/rialto-gstreamer-9652.git:kavia-6.0.0-rc1
2025-08-22 06:31:20,460 - Knowledge - INFO - Found code_base: <app.utils.kg_build.knowledge.KnowledgeCodeBase object at 0x7f20805cd490>
2025-08-22 06:31:20,460 - Knowledge - INFO - process ingested knowledge for /app/data/b2c/9652/b7831ap/rialto-gstreamer-9652/tests/mocks/WebAudioPlayerMock.h
2025-08-22 06:31:20,471 - Knowledge - INFO - Found code-base-name: https://github.com/kavia-common/rialto-gstreamer-9652.git:kavia-6.0.0-rc1
2025-08-22 06:31:20,471 - Knowledge - INFO - Found code_base: <app.utils.kg_build.knowledge.KnowledgeCodeBase object at 0x7f20805cd490>
2025-08-22 06:31:20,472 - Knowledge - INFO - process ingested knowledge for /app/data/b2c/9652/b7831ap/rialto-gstreamer-9652/source/RialtoGStreamerWebAudioSink.cpp
2025-08-22 06:31:20,485 - Knowledge - INFO - Found code-base-name: https://github.com/kavia-common/rialto-gstreamer-9652.git:kavia-6.0.0-rc1
2025-08-22 06:31:20,485 - Knowledge - INFO - Found code_base: <app.utils.kg_build.knowledge.KnowledgeCodeBase object at 0x7f20805cd490>
2025-08-22 06:31:20,486 - Knowledge - INFO - process ingested knowledge for /app/data/b2c/9652/b7831ap/rialto-gstreamer-9652/source/MediaPlayerClientBackendInterface.h
2025-08-22 06:31:20,497 - Knowledge - INFO - Found code-base-name: https://github.com/kavia-common/rialto-gstreamer-9652.git:kavia-6.0.0-rc1
2025-08-22 06:31:20,497 - Knowledge - INFO - Found code_base: <app.utils.kg_build.knowledge.KnowledgeCodeBase object at 0x7f20805cd490>
2025-08-22 06:31:20,497 - Knowledge - INFO - process ingested knowledge for /app/data/b2c/9652/b7831ap/rialto-gstreamer-9652/CHANGELOG.md
2025-08-22 06:31:20,505 - Knowledge - INFO - Found code-base-name: https://github.com/kavia-common/rialto-gstreamer-9652.git:kavia-6.0.0-rc1
2025-08-22 06:31:20,505 - Knowledge - INFO - Found code_base: <app.utils.kg_build.knowledge.KnowledgeCodeBase object at 0x7f20805cd490>
2025-08-22 06:31:20,505 - Knowledge - INFO - process ingested knowledge for /app/data/b2c/9652/b7831ap/rialto-gstreamer-9652/tests/ut/ControlBackendTests.cpp
2025-08-22 06:31:20,515 - Knowledge - INFO - Found code-base-name: https://github.com/kavia-common/rialto-gstreamer-9652.git:kavia-6.0.0-rc1
2025-08-22 06:31:20,515 - Knowledge - INFO - Found code_base: <app.utils.kg_build.knowledge.KnowledgeCodeBase object at 0x7f20805cd490>
2025-08-22 06:31:20,515 - Knowledge - INFO - process ingested knowledge for /app/data/b2c/9652/b7831ap/rialto-gstreamer-9652/CONTRIBUTING.md
2025-08-22 06:31:20,524 - Knowledge - INFO - Found code-base-name: https://github.com/kavia-common/rialto-gstreamer-9652.git:kavia-6.0.0-rc1
2025-08-22 06:31:20,525 - Knowledge - INFO - Found code_base: <app.utils.kg_build.knowledge.KnowledgeCodeBase object at 0x7f20805cd490>
2025-08-22 06:31:20,525 - Knowledge - INFO - process ingested knowledge for /app/data/b2c/9652/b7831ap/rialto-gstreamer-9652/source/RialtoGStreamerMSEAudioSink.h
2025-08-22 06:31:20,536 - Knowledge - INFO - Found code-base-name: https://github.com/kavia-common/rialto-gstreamer-9652.git:kavia-6.0.0-rc1
2025-08-22 06:31:20,536 - Knowledge - INFO - Found code_base: <app.utils.kg_build.knowledge.KnowledgeCodeBase object at 0x7f20805cd490>
2025-08-22 06:31:20,536 - Knowledge - INFO - process ingested knowledge for /app/data/b2c/9652/b7831ap/rialto-gstreamer-9652/source/Timer.h
2025-08-22 06:31:20,547 - Knowledge - INFO - Found code-base-name: https://github.com/kavia-common/rialto-gstreamer-9652.git:kavia-6.0.0-rc1
2025-08-22 06:31:20,550 - Knowledge - INFO - Found code_base: <app.utils.kg_build.knowledge.KnowledgeCodeBase object at 0x7f20805cd490>
2025-08-22 06:31:20,550 - Knowledge - INFO - process ingested knowledge for /app/data/b2c/9652/b7831ap/rialto-gstreamer-9652/tests/third-party/CMakeLists.txt
2025-08-22 06:31:20,559 - Knowledge - INFO - Found code-base-name: https://github.com/kavia-common/rialto-gstreamer-9652.git:kavia-6.0.0-rc1
2025-08-22 06:31:20,559 - Knowledge - INFO - Found code_base: <app.utils.kg_build.knowledge.KnowledgeCodeBase object at 0x7f20805cd490>
2025-08-22 06:31:20,560 - Knowledge - INFO - process ingested knowledge for /app/data/b2c/9652/b7831ap/rialto-gstreamer-9652/source/GStreamerWebAudioPlayerClient.cpp
2025-08-22 06:31:20,571 - Knowledge - INFO - Found code-base-name: https://github.com/kavia-common/rialto-gstreamer-9652.git:kavia-6.0.0-rc1
2025-08-22 06:31:20,571 - Knowledge - INFO - Found code_base: <app.utils.kg_build.knowledge.KnowledgeCodeBase object at 0x7f20805cd490>
2025-08-22 06:31:20,571 - Knowledge - INFO - process ingested knowledge for /app/data/b2c/9652/b7831ap/rialto-gstreamer-9652/source/RialtoGStreamerMSEVideoSink.cpp
2025-08-22 06:31:20,583 - Knowledge - INFO - Found code-base-name: https://github.com/kavia-common/rialto-gstreamer-9652.git:kavia-6.0.0-rc1
2025-08-22 06:31:20,583 - Knowledge - INFO - Found code_base: <app.utils.kg_build.knowledge.KnowledgeCodeBase object at 0x7f20805cd490>
2025-08-22 06:31:20,583 - Knowledge - INFO - process ingested knowledge for /app/data/b2c/9652/b7831ap/rialto-gstreamer-9652/source/RialtoGStreamerMSEVideoSinkPrivate.h
2025-08-22 06:31:20,593 - Knowledge - INFO - Found code-base-name: https://github.com/kavia-common/rialto-gstreamer-9652.git:kavia-6.0.0-rc1
2025-08-22 06:31:20,593 - Knowledge - INFO - Found code_base: <app.utils.kg_build.knowledge.KnowledgeCodeBase object at 0x7f20805cd490>
2025-08-22 06:31:20,593 - Knowledge - INFO - process ingested knowledge for /app/data/b2c/9652/b7831ap/rialto-gstreamer-9652/source/ControlBackend.h
2025-08-22 06:31:20,603 - Knowledge - INFO - Found code-base-name: https://github.com/kavia-common/rialto-gstreamer-9652.git:kavia-6.0.0-rc1
2025-08-22 06:31:20,603 - Knowledge - INFO - Found code_base: <app.utils.kg_build.knowledge.KnowledgeCodeBase object at 0x7f20805cd490>
2025-08-22 06:31:20,603 - Knowledge - INFO - process ingested knowledge for /app/data/b2c/9652/b7831ap/rialto-gstreamer-9652/tests/mocks/ControlMock.h
2025-08-22 06:31:20,612 - Knowledge - INFO - Found code-base-name: https://github.com/kavia-common/rialto-gstreamer-9652.git:kavia-6.0.0-rc1
2025-08-22 06:31:20,612 - Knowledge - INFO - Found code_base: <app.utils.kg_build.knowledge.KnowledgeCodeBase object at 0x7f20805cd490>
2025-08-22 06:31:20,612 - Knowledge - INFO - process ingested knowledge for /app/data/b2c/9652/b7831ap/rialto-gstreamer-9652/tests/third-party/source/WebAudioPlayerFactory.cpp
2025-08-22 06:31:20,621 - Knowledge - INFO - Found code-base-name: https://github.com/kavia-common/rialto-gstreamer-9652.git:kavia-6.0.0-rc1
2025-08-22 06:31:20,621 - Knowledge - INFO - Found code_base: <app.utils.kg_build.knowledge.KnowledgeCodeBase object at 0x7f20805cd490>
2025-08-22 06:31:20,621 - Knowledge - INFO - process ingested knowledge for /app/data/b2c/9652/b7831ap/rialto-gstreamer-9652/build_ut.py
2025-08-22 06:31:20,628 - Knowledge - INFO - load persisted knowledge: end
2025-08-22 06:31:20,629 - Knowledge - INFO - load persisted docinfo: begin
2025-08-22 06:31:20,630 - Knowledge - INFO - load persisted docinfo: end
2025-08-22 06:31:20,655 - Knowledge - INFO - worker kw1 created with dedicated MongoDB connection (total: 1)
2025-08-22 06:31:20,656 - Knowledge - INFO - knowledge worker kw1 start
2025-08-22 06:31:20,657 - Knowledge - INFO - Knowledge creation complete
2025-08-22 06:31:20,660 - Knowledge - INFO - Updating org costs, total cost: 0
2025-08-22 06:31:20,663 - Knowledge - INFO - Saving knowledge to Redis...
2025-08-22 06:31:20,697 - Knowledge - INFO - Knowledge saved to Redis successfully
2025-08-22 14:28:49,874 - Knowledge - INFO - Redis support added with prefix knowledge:b7831ap:
2025-08-22 14:28:50,101 - Knowledge - INFO - load persisted knowledge: begin
2025-08-22 14:28:50,108 - Knowledge - INFO - Found code-base-name: https://github.com/kavia-common/rialto-gstreamer-9652.git:kavia-6.0.0-rc1
2025-08-22 14:28:50,108 - Knowledge - INFO - Found code_base: <app.utils.kg_build.knowledge.KnowledgeCodeBase object at 0x7fe50c3e1750>
2025-08-22 14:28:50,108 - Knowledge - INFO - process ingested knowledge for /app/data/b2c/9652/b7831ap/rialto-gstreamer-9652/source/RialtoGStreamerWebAudioSink.h
2025-08-22 14:28:50,121 - Knowledge - INFO - Found code-base-name: https://github.com/kavia-common/rialto-gstreamer-9652.git:kavia-6.0.0-rc1
2025-08-22 14:28:50,121 - Knowledge - INFO - Found code_base: <app.utils.kg_build.knowledge.KnowledgeCodeBase object at 0x7fe50c3e1750>
2025-08-22 14:28:50,121 - Knowledge - INFO - process ingested knowledge for /app/data/b2c/9652/b7831ap/rialto-gstreamer-9652/source/RialtoGStreamerMSEBaseSinkCallbacks.h
2025-08-22 14:28:50,132 - Knowledge - INFO - Found code-base-name: https://github.com/kavia-common/rialto-gstreamer-9652.git:kavia-6.0.0-rc1
2025-08-22 14:28:50,132 - Knowledge - INFO - Found code_base: <app.utils.kg_build.knowledge.KnowledgeCodeBase object at 0x7fe50c3e1750>
2025-08-22 14:28:50,133 - Knowledge - INFO - process ingested knowledge for /app/data/b2c/9652/b7831ap/rialto-gstreamer-9652/tests/ut/GStreamerEmeUtilsTests.cpp
2025-08-22 14:28:50,145 - Knowledge - INFO - Found code-base-name: https://github.com/kavia-common/rialto-gstreamer-9652.git:kavia-6.0.0-rc1
2025-08-22 14:28:50,145 - Knowledge - INFO - Found code_base: <app.utils.kg_build.knowledge.KnowledgeCodeBase object at 0x7fe50c3e1750>
2025-08-22 14:28:50,146 - Knowledge - INFO - process ingested knowledge for /app/data/b2c/9652/b7831ap/rialto-gstreamer-9652/source/MessageQueue.h
2025-08-22 14:28:50,157 - Knowledge - INFO - Found code-base-name: https://github.com/kavia-common/rialto-gstreamer-9652.git:kavia-6.0.0-rc1
2025-08-22 14:28:50,158 - Knowledge - INFO - Found code_base: <app.utils.kg_build.knowledge.KnowledgeCodeBase object at 0x7fe50c3e1750>
2025-08-22 14:28:50,158 - Knowledge - INFO - process ingested knowledge for /app/data/b2c/9652/b7831ap/rialto-gstreamer-9652/source/ControlBackendInterface.h
2025-08-22 14:28:50,175 - Knowledge - INFO - Found code-base-name: https://github.com/kavia-common/rialto-gstreamer-9652.git:kavia-6.0.0-rc1
2025-08-22 14:28:50,175 - Knowledge - INFO - Found code_base: <app.utils.kg_build.knowledge.KnowledgeCodeBase object at 0x7fe50c3e1750>
2025-08-22 14:28:50,175 - Knowledge - INFO - process ingested knowledge for /app/data/b2c/9652/b7831ap/rialto-gstreamer-9652/source/RialtoGStreamerMSEBaseSink.h
2025-08-22 14:28:50,186 - Knowledge - INFO - Found code-base-name: https://github.com/kavia-common/rialto-gstreamer-9652.git:kavia-6.0.0-rc1
2025-08-22 14:28:50,186 - Knowledge - INFO - Found code_base: <app.utils.kg_build.knowledge.KnowledgeCodeBase object at 0x7fe50c3e1750>
2025-08-22 14:28:50,186 - Knowledge - INFO - process ingested knowledge for /app/data/b2c/9652/b7831ap/rialto-gstreamer-9652/tests/third-party/source/MediaPipelineFactory.cpp
2025-08-22 14:28:50,198 - Knowledge - INFO - Found code-base-name: https://github.com/kavia-common/rialto-gstreamer-9652.git:kavia-6.0.0-rc1
2025-08-22 14:28:50,198 - Knowledge - INFO - Found code_base: <app.utils.kg_build.knowledge.KnowledgeCodeBase object at 0x7fe50c3e1750>
2025-08-22 14:28:50,199 - Knowledge - INFO - process ingested knowledge for /app/data/b2c/9652/b7831ap/rialto-gstreamer-9652/tests/ut/CMakeLists.txt
2025-08-22 14:28:50,209 - Knowledge - INFO - Found code-base-name: https://github.com/kavia-common/rialto-gstreamer-9652.git:kavia-6.0.0-rc1
2025-08-22 14:28:50,209 - Knowledge - INFO - Found code_base: <app.utils.kg_build.knowledge.KnowledgeCodeBase object at 0x7fe50c3e1750>
2025-08-22 14:28:50,209 - Knowledge - INFO - process ingested knowledge for /app/data/b2c/9652/b7831ap/rialto-gstreamer-9652/source/BufferParser.cpp
2025-08-22 14:28:50,222 - Knowledge - INFO - Found code-base-name: https://github.com/kavia-common/rialto-gstreamer-9652.git:kavia-6.0.0-rc1
2025-08-22 14:28:50,222 - Knowledge - INFO - Found code_base: <app.utils.kg_build.knowledge.KnowledgeCodeBase object at 0x7fe50c3e1750>
2025-08-22 14:28:50,222 - Knowledge - INFO - process ingested knowledge for /app/data/b2c/9652/b7831ap/rialto-gstreamer-9652/source/GStreamerEMEUtils.h
2025-08-22 14:28:50,234 - Knowledge - INFO - Found code-base-name: https://github.com/kavia-common/rialto-gstreamer-9652.git:kavia-6.0.0-rc1
2025-08-22 14:28:50,234 - Knowledge - INFO - Found code_base: <app.utils.kg_build.knowledge.KnowledgeCodeBase object at 0x7fe50c3e1750>
2025-08-22 14:28:50,234 - Knowledge - INFO - process ingested knowledge for /app/data/b2c/9652/b7831ap/rialto-gstreamer-9652/tests/mocks/MediaPipelineMock.h
2025-08-22 14:28:50,246 - Knowledge - INFO - Found code-base-name: https://github.com/kavia-common/rialto-gstreamer-9652.git:kavia-6.0.0-rc1
2025-08-22 14:28:50,248 - Knowledge - INFO - Found code_base: <app.utils.kg_build.knowledge.KnowledgeCodeBase object at 0x7fe50c3e1750>
2025-08-22 14:28:50,248 - Knowledge - INFO - process ingested knowledge for /app/data/b2c/9652/b7831ap/rialto-gstreamer-9652/tests/mocks/CMakeLists.txt
2025-08-22 14:28:50,259 - Knowledge - INFO - Found code-base-name: https://github.com/kavia-common/rialto-gstreamer-9652.git:kavia-6.0.0-rc1
2025-08-22 14:28:50,260 - Knowledge - INFO - Found code_base: <app.utils.kg_build.knowledge.KnowledgeCodeBase object at 0x7fe50c3e1750>
2025-08-22 14:28:50,260 - Knowledge - INFO - process ingested knowledge for /app/data/b2c/9652/b7831ap/rialto-gstreamer-9652/source/GStreamerWebAudioPlayerClient.h
2025-08-22 14:28:50,274 - Knowledge - INFO - Found code-base-name: https://github.com/kavia-common/rialto-gstreamer-9652.git:kavia-6.0.0-rc1
2025-08-22 14:28:50,274 - Knowledge - INFO - Found code_base: <app.utils.kg_build.knowledge.KnowledgeCodeBase object at 0x7fe50c3e1750>
2025-08-22 14:28:50,274 - Knowledge - INFO - process ingested knowledge for /app/data/b2c/9652/b7831ap/rialto-gstreamer-9652/source/GStreamerMSEMediaPlayerClient.cpp
2025-08-22 14:28:50,288 - Knowledge - INFO - Found code-base-name: https://github.com/kavia-common/rialto-gstreamer-9652.git:kavia-6.0.0-rc1
2025-08-22 14:28:50,288 - Knowledge - INFO - Found code_base: <app.utils.kg_build.knowledge.KnowledgeCodeBase object at 0x7fe50c3e1750>
2025-08-22 14:28:50,288 - Knowledge - INFO - process ingested knowledge for /app/data/b2c/9652/b7831ap/rialto-gstreamer-9652/source/GStreamerUtils.cpp
2025-08-22 14:28:50,304 - Knowledge - INFO - Found code-base-name: https://github.com/kavia-common/rialto-gstreamer-9652.git:kavia-6.0.0-rc1
2025-08-22 14:28:50,304 - Knowledge - INFO - Found code_base: <app.utils.kg_build.knowledge.KnowledgeCodeBase object at 0x7fe50c3e1750>
2025-08-22 14:28:50,305 - Knowledge - INFO - process ingested knowledge for /app/data/b2c/9652/b7831ap/rialto-gstreamer-9652/source/RialtoGStreamerMSEVideoSink.h
2025-08-22 14:28:50,322 - Knowledge - INFO - Found code-base-name: https://github.com/kavia-common/rialto-gstreamer-9652.git:kavia-6.0.0-rc1
2025-08-22 14:28:50,323 - Knowledge - INFO - Found code_base: <app.utils.kg_build.knowledge.KnowledgeCodeBase object at 0x7fe50c3e1750>
2025-08-22 14:28:50,323 - Knowledge - INFO - process ingested knowledge for /app/data/b2c/9652/b7831ap/rialto-gstreamer-9652/cmake/googletest.cmake
2025-08-22 14:28:50,352 - Knowledge - INFO - Found code-base-name: https://github.com/kavia-common/rialto-gstreamer-9652.git:kavia-6.0.0-rc1
2025-08-22 14:28:50,352 - Knowledge - INFO - Found code_base: <app.utils.kg_build.knowledge.KnowledgeCodeBase object at 0x7fe50c3e1750>
2025-08-22 14:28:50,352 - Knowledge - INFO - process ingested knowledge for /app/data/b2c/9652/b7831ap/rialto-gstreamer-9652/source/RialtoGStreamerMSEAudioSink.cpp
2025-08-22 14:28:50,379 - Knowledge - INFO - Found code-base-name: https://github.com/kavia-common/rialto-gstreamer-9652.git:kavia-6.0.0-rc1
2025-08-22 14:28:50,380 - Knowledge - INFO - Found code_base: <app.utils.kg_build.knowledge.KnowledgeCodeBase object at 0x7fe50c3e1750>
2025-08-22 14:28:50,380 - Knowledge - INFO - process ingested knowledge for /app/data/b2c/9652/b7831ap/rialto-gstreamer-9652/tests/ut/MediaPlayerClientBackendTests.cpp
2025-08-22 14:28:50,394 - Knowledge - INFO - Found code-base-name: https://github.com/kavia-common/rialto-gstreamer-9652.git:kavia-6.0.0-rc1
2025-08-22 14:28:50,395 - Knowledge - INFO - Found code_base: <app.utils.kg_build.knowledge.KnowledgeCodeBase object at 0x7fe50c3e1750>
2025-08-22 14:28:50,395 - Knowledge - INFO - process ingested knowledge for /app/data/b2c/9652/b7831ap/rialto-gstreamer-9652/source/Timer.cpp
2025-08-22 14:28:50,417 - Knowledge - INFO - Found code-base-name: https://github.com/kavia-common/rialto-gstreamer-9652.git:kavia-6.0.0-rc1
2025-08-22 14:28:50,417 - Knowledge - INFO - Found code_base: <app.utils.kg_build.knowledge.KnowledgeCodeBase object at 0x7fe50c3e1750>
2025-08-22 14:28:50,417 - Knowledge - INFO - process ingested knowledge for /app/data/b2c/9652/b7831ap/rialto-gstreamer-9652/tests/third-party/source/MediaPipelineCapabilitiesFactory.cpp
2025-08-22 14:28:50,435 - Knowledge - INFO - Found code-base-name: https://github.com/kavia-common/rialto-gstreamer-9652.git:kavia-6.0.0-rc1
2025-08-22 14:28:50,435 - Knowledge - INFO - Found code_base: <app.utils.kg_build.knowledge.KnowledgeCodeBase object at 0x7fe50c3e1750>
2025-08-22 14:28:50,435 - Knowledge - INFO - process ingested knowledge for /app/data/b2c/9652/b7831ap/rialto-gstreamer-9652/source/MediaPlayerClientBackend.h
2025-08-22 14:28:50,462 - Knowledge - INFO - Found code-base-name: https://github.com/kavia-common/rialto-gstreamer-9652.git:kavia-6.0.0-rc1
2025-08-22 14:28:50,462 - Knowledge - INFO - Found code_base: <app.utils.kg_build.knowledge.KnowledgeCodeBase object at 0x7fe50c3e1750>
2025-08-22 14:28:50,462 - Knowledge - INFO - process ingested knowledge for /app/data/b2c/9652/b7831ap/rialto-gstreamer-9652/TERMS.md
2025-08-22 14:28:50,478 - Knowledge - INFO - Found code-base-name: https://github.com/kavia-common/rialto-gstreamer-9652.git:kavia-6.0.0-rc1
2025-08-22 14:28:50,478 - Knowledge - INFO - Found code_base: <app.utils.kg_build.knowledge.KnowledgeCodeBase object at 0x7fe50c3e1750>
2025-08-22 14:28:50,480 - Knowledge - INFO - process ingested knowledge for /app/data/b2c/9652/b7831ap/rialto-gstreamer-9652/scripts/valgrind/process_valgrind_results.py
2025-08-22 14:28:50,503 - Knowledge - INFO - Found code-base-name: https://github.com/kavia-common/rialto-gstreamer-9652.git:kavia-6.0.0-rc1
2025-08-22 14:28:50,503 - Knowledge - INFO - Found code_base: <app.utils.kg_build.knowledge.KnowledgeCodeBase object at 0x7fe50c3e1750>
2025-08-22 14:28:50,504 - Knowledge - INFO - process ingested knowledge for /app/data/b2c/9652/b7831ap/rialto-gstreamer-9652/tests/mocks/WebAudioPlayerClientMock.h
2025-08-22 14:28:50,525 - Knowledge - INFO - Found code-base-name: https://github.com/kavia-common/rialto-gstreamer-9652.git:kavia-6.0.0-rc1
2025-08-22 14:28:50,526 - Knowledge - INFO - Found code_base: <app.utils.kg_build.knowledge.KnowledgeCodeBase object at 0x7fe50c3e1750>
2025-08-22 14:28:50,527 - Knowledge - INFO - process ingested knowledge for /app/data/b2c/9652/b7831ap/rialto-gstreamer-9652/source/GStreamerMSEUtils.h
2025-08-22 14:28:50,541 - Knowledge - INFO - Found code-base-name: https://github.com/kavia-common/rialto-gstreamer-9652.git:kavia-6.0.0-rc1
2025-08-22 14:28:50,541 - Knowledge - INFO - Found code_base: <app.utils.kg_build.knowledge.KnowledgeCodeBase object at 0x7fe50c3e1750>
2025-08-22 14:28:50,542 - Knowledge - INFO - process ingested knowledge for /app/data/b2c/9652/b7831ap/rialto-gstreamer-9652/CMakeLists.txt
2025-08-22 14:28:50,554 - Knowledge - INFO - Found code-base-name: https://github.com/kavia-common/rialto-gstreamer-9652.git:kavia-6.0.0-rc1
2025-08-22 14:28:50,555 - Knowledge - INFO - Found code_base: <app.utils.kg_build.knowledge.KnowledgeCodeBase object at 0x7fe50c3e1750>
2025-08-22 14:28:50,555 - Knowledge - INFO - process ingested knowledge for /app/data/b2c/9652/b7831ap/rialto-gstreamer-9652/source/WebAudioClientBackendInterface.h
2025-08-22 14:28:50,565 - Knowledge - INFO - Found code-base-name: https://github.com/kavia-common/rialto-gstreamer-9652.git:kavia-6.0.0-rc1
2025-08-22 14:28:50,565 - Knowledge - INFO - Found code_base: <app.utils.kg_build.knowledge.KnowledgeCodeBase object at 0x7fe50c3e1750>
2025-08-22 14:28:50,565 - Knowledge - INFO - process ingested knowledge for /app/data/b2c/9652/b7831ap/rialto-gstreamer-9652/tests/mocks/MediaPipelineCapabilitiesMock.h
2025-08-22 14:28:50,575 - Knowledge - INFO - Found code-base-name: https://github.com/kavia-common/rialto-gstreamer-9652.git:kavia-6.0.0-rc1
2025-08-22 14:28:50,575 - Knowledge - INFO - Found code_base: <app.utils.kg_build.knowledge.KnowledgeCodeBase object at 0x7fe50c3e1750>
2025-08-22 14:28:50,576 - Knowledge - INFO - process ingested knowledge for /app/data/b2c/9652/b7831ap/rialto-gstreamer-9652/source/CMakeLists.txt
2025-08-22 14:28:50,586 - Knowledge - INFO - Found code-base-name: https://github.com/kavia-common/rialto-gstreamer-9652.git:kavia-6.0.0-rc1
2025-08-22 14:28:50,586 - Knowledge - INFO - Found code_base: <app.utils.kg_build.knowledge.KnowledgeCodeBase object at 0x7fe50c3e1750>
2025-08-22 14:28:50,586 - Knowledge - INFO - process ingested knowledge for /app/data/b2c/9652/b7831ap/rialto-gstreamer-9652/source/MediaPlayerManager.h
2025-08-22 14:28:50,599 - Knowledge - INFO - Found code-base-name: https://github.com/kavia-common/rialto-gstreamer-9652.git:kavia-6.0.0-rc1
2025-08-22 14:28:50,599 - Knowledge - INFO - Found code_base: <app.utils.kg_build.knowledge.KnowledgeCodeBase object at 0x7fe50c3e1750>
2025-08-22 14:28:50,602 - Knowledge - INFO - process ingested knowledge for /app/data/b2c/9652/b7831ap/rialto-gstreamer-9652/cmake/FindocdmRialto.cmake
2025-08-22 14:28:50,612 - Knowledge - INFO - Found code-base-name: https://github.com/kavia-common/rialto-gstreamer-9652.git:kavia-6.0.0-rc1
2025-08-22 14:28:50,612 - Knowledge - INFO - Found code_base: <app.utils.kg_build.knowledge.KnowledgeCodeBase object at 0x7fe50c3e1750>
2025-08-22 14:28:50,613 - Knowledge - INFO - process ingested knowledge for /app/data/b2c/9652/b7831ap/rialto-gstreamer-9652/source/GStreamerUtils.h
2025-08-22 14:28:50,625 - Knowledge - INFO - Found code-base-name: https://github.com/kavia-common/rialto-gstreamer-9652.git:kavia-6.0.0-rc1
2025-08-22 14:28:50,625 - Knowledge - INFO - Found code_base: <app.utils.kg_build.knowledge.KnowledgeCodeBase object at 0x7fe50c3e1750>
2025-08-22 14:28:50,625 - Knowledge - INFO - process ingested knowledge for /app/data/b2c/9652/b7831ap/rialto-gstreamer-9652/source/GStreamerMSEMediaPlayerClient.h
2025-08-22 14:28:50,638 - Knowledge - INFO - Found code-base-name: https://github.com/kavia-common/rialto-gstreamer-9652.git:kavia-6.0.0-rc1
2025-08-22 14:28:50,638 - Knowledge - INFO - Found code_base: <app.utils.kg_build.knowledge.KnowledgeCodeBase object at 0x7fe50c3e1750>
2025-08-22 14:28:50,638 - Knowledge - INFO - process ingested knowledge for /app/data/b2c/9652/b7831ap/rialto-gstreamer-9652/source/GStreamerMSEUtils.cpp
2025-08-22 14:28:50,649 - Knowledge - INFO - Found code-base-name: https://github.com/kavia-common/rialto-gstreamer-9652.git:kavia-6.0.0-rc1
2025-08-22 14:28:50,649 - Knowledge - INFO - Found code_base: <app.utils.kg_build.knowledge.KnowledgeCodeBase object at 0x7fe50c3e1750>
2025-08-22 14:28:50,650 - Knowledge - INFO - process ingested knowledge for /app/data/b2c/9652/b7831ap/rialto-gstreamer-9652/source/MediaPlayerManager.cpp
2025-08-22 14:28:50,663 - Knowledge - INFO - Found code-base-name: https://github.com/kavia-common/rialto-gstreamer-9652.git:kavia-6.0.0-rc1
2025-08-22 14:28:50,664 - Knowledge - INFO - Found code_base: <app.utils.kg_build.knowledge.KnowledgeCodeBase object at 0x7fe50c3e1750>
2025-08-22 14:28:50,664 - Knowledge - INFO - process ingested knowledge for /app/data/b2c/9652/b7831ap/rialto-gstreamer-9652/tests/ut/GStreamerUtilsTests.cpp
2025-08-22 14:28:50,676 - Knowledge - INFO - Found code-base-name: https://github.com/kavia-common/rialto-gstreamer-9652.git:kavia-6.0.0-rc1
2025-08-22 14:28:50,676 - Knowledge - INFO - Found code_base: <app.utils.kg_build.knowledge.KnowledgeCodeBase object at 0x7fe50c3e1750>
2025-08-22 14:28:50,677 - Knowledge - INFO - process ingested knowledge for /app/data/b2c/9652/b7831ap/rialto-gstreamer-9652/tests/ut/WebAudioClientBackendTests.cpp
2025-08-22 14:28:50,690 - Knowledge - INFO - Found code-base-name: https://github.com/kavia-common/rialto-gstreamer-9652.git:kavia-6.0.0-rc1
2025-08-22 14:28:50,690 - Knowledge - INFO - Found code_base: <app.utils.kg_build.knowledge.KnowledgeCodeBase object at 0x7fe50c3e1750>
2025-08-22 14:28:50,690 - Knowledge - INFO - process ingested knowledge for /app/data/b2c/9652/b7831ap/rialto-gstreamer-9652/tests/ut/BufferParserTests.cpp
2025-08-22 14:28:50,704 - Knowledge - INFO - Found code-base-name: https://github.com/kavia-common/rialto-gstreamer-9652.git:kavia-6.0.0-rc1
2025-08-22 14:28:50,704 - Knowledge - INFO - Found code_base: <app.utils.kg_build.knowledge.KnowledgeCodeBase object at 0x7fe50c3e1750>
2025-08-22 14:28:50,704 - Knowledge - INFO - process ingested knowledge for /app/data/b2c/9652/b7831ap/rialto-gstreamer-9652/README.md
2025-08-22 14:28:50,718 - Knowledge - INFO - Found code-base-name: https://github.com/kavia-common/rialto-gstreamer-9652.git:kavia-6.0.0-rc1
2025-08-22 14:28:50,718 - Knowledge - INFO - Found code_base: <app.utils.kg_build.knowledge.KnowledgeCodeBase object at 0x7fe50c3e1750>
2025-08-22 14:28:50,719 - Knowledge - INFO - process ingested knowledge for /app/data/b2c/9652/b7831ap/rialto-gstreamer-9652/source/WebAudioClientBackend.h
2025-08-22 14:28:50,731 - Knowledge - INFO - Found code-base-name: https://github.com/kavia-common/rialto-gstreamer-9652.git:kavia-6.0.0-rc1
2025-08-22 14:28:50,731 - Knowledge - INFO - Found code_base: <app.utils.kg_build.knowledge.KnowledgeCodeBase object at 0x7fe50c3e1750>
2025-08-22 14:28:50,732 - Knowledge - INFO - process ingested knowledge for /app/data/b2c/9652/b7831ap/rialto-gstreamer-9652/source/BufferParser.h
2025-08-22 14:28:50,743 - Knowledge - INFO - Found code-base-name: https://github.com/kavia-common/rialto-gstreamer-9652.git:kavia-6.0.0-rc1
2025-08-22 14:28:50,744 - Knowledge - INFO - Found code_base: <app.utils.kg_build.knowledge.KnowledgeCodeBase object at 0x7fe50c3e1750>
2025-08-22 14:28:50,744 - Knowledge - INFO - process ingested knowledge for /app/data/b2c/9652/b7831ap/rialto-gstreamer-9652/scripts/clang-format/process_clang-format_errors.py
2025-08-22 14:28:50,767 - Knowledge - INFO - Found code-base-name: https://github.com/kavia-common/rialto-gstreamer-9652.git:kavia-6.0.0-rc1
2025-08-22 14:28:50,767 - Knowledge - INFO - Found code_base: <app.utils.kg_build.knowledge.KnowledgeCodeBase object at 0x7fe50c3e1750>
2025-08-22 14:28:50,767 - Knowledge - INFO - process ingested knowledge for /app/data/b2c/9652/b7831ap/rialto-gstreamer-9652/cppcheck_suppressions.xml
2025-08-22 14:28:50,780 - Knowledge - INFO - Found code-base-name: https://github.com/kavia-common/rialto-gstreamer-9652.git:kavia-6.0.0-rc1
2025-08-22 14:28:50,781 - Knowledge - INFO - Found code_base: <app.utils.kg_build.knowledge.KnowledgeCodeBase object at 0x7fe50c3e1750>
2025-08-22 14:28:50,781 - Knowledge - INFO - process ingested knowledge for /app/data/b2c/9652/b7831ap/rialto-gstreamer-9652/tests/mocks/MediaPipelineClientMock.h
2025-08-22 14:28:50,795 - Knowledge - INFO - Found code-base-name: https://github.com/kavia-common/rialto-gstreamer-9652.git:kavia-6.0.0-rc1
2025-08-22 14:28:50,795 - Knowledge - INFO - Found code_base: <app.utils.kg_build.knowledge.KnowledgeCodeBase object at 0x7fe50c3e1750>
2025-08-22 14:28:50,795 - Knowledge - INFO - process ingested knowledge for /app/data/b2c/9652/b7831ap/rialto-gstreamer-9652/source/RialtoGSteamerPlugin.cpp
2025-08-22 14:28:50,806 - Knowledge - INFO - Found code-base-name: https://github.com/kavia-common/rialto-gstreamer-9652.git:kavia-6.0.0-rc1
2025-08-22 14:28:50,806 - Knowledge - INFO - Found code_base: <app.utils.kg_build.knowledge.KnowledgeCodeBase object at 0x7fe50c3e1750>
2025-08-22 14:28:50,806 - Knowledge - INFO - process ingested knowledge for /app/data/b2c/9652/b7831ap/rialto-gstreamer-9652/tests/third-party/source/ControlFactory.cpp
2025-08-22 14:28:50,818 - Knowledge - INFO - Found code-base-name: https://github.com/kavia-common/rialto-gstreamer-9652.git:kavia-6.0.0-rc1
2025-08-22 14:28:50,818 - Knowledge - INFO - Found code_base: <app.utils.kg_build.knowledge.KnowledgeCodeBase object at 0x7fe50c3e1750>
2025-08-22 14:28:50,818 - Knowledge - INFO - process ingested knowledge for /app/data/b2c/9652/b7831ap/rialto-gstreamer-9652/source/GStreamerEMEUtils.cpp
2025-08-22 14:28:50,830 - Knowledge - INFO - Found code-base-name: https://github.com/kavia-common/rialto-gstreamer-9652.git:kavia-6.0.0-rc1
2025-08-22 14:28:50,830 - Knowledge - INFO - Found code_base: <app.utils.kg_build.knowledge.KnowledgeCodeBase object at 0x7fe50c3e1750>
2025-08-22 14:28:50,831 - Knowledge - INFO - process ingested knowledge for /app/data/b2c/9652/b7831ap/rialto-gstreamer-9652/docs/index.html
2025-08-22 14:28:50,843 - Knowledge - INFO - Found code-base-name: https://github.com/kavia-common/rialto-gstreamer-9652.git:kavia-6.0.0-rc1
2025-08-22 14:28:50,843 - Knowledge - INFO - Found code_base: <app.utils.kg_build.knowledge.KnowledgeCodeBase object at 0x7fe50c3e1750>
2025-08-22 14:28:50,843 - Knowledge - INFO - process ingested knowledge for /app/data/b2c/9652/b7831ap/rialto-gstreamer-9652/source/RialtoGStreamerMSEBaseSink.cpp
2025-08-22 14:28:50,864 - Knowledge - INFO - Found code-base-name: https://github.com/kavia-common/rialto-gstreamer-9652.git:kavia-6.0.0-rc1
2025-08-22 14:28:50,864 - Knowledge - INFO - Found code_base: <app.utils.kg_build.knowledge.KnowledgeCodeBase object at 0x7fe50c3e1750>
2025-08-22 14:28:50,866 - Knowledge - INFO - process ingested knowledge for /app/data/b2c/9652/b7831ap/rialto-gstreamer-9652/source/RialtoGStreamerMSEBaseSinkPrivate.h
2025-08-22 14:28:50,883 - Knowledge - INFO - Found code-base-name: https://github.com/kavia-common/rialto-gstreamer-9652.git:kavia-6.0.0-rc1
2025-08-22 14:28:50,883 - Knowledge - INFO - Found code_base: <app.utils.kg_build.knowledge.KnowledgeCodeBase object at 0x7fe50c3e1750>
2025-08-22 14:28:50,886 - Knowledge - INFO - process ingested knowledge for /app/data/b2c/9652/b7831ap/rialto-gstreamer-9652/cmake/FindRialto.cmake
2025-08-22 14:28:50,897 - Knowledge - INFO - Found code-base-name: https://github.com/kavia-common/rialto-gstreamer-9652.git:kavia-6.0.0-rc1
2025-08-22 14:28:50,897 - Knowledge - INFO - Found code_base: <app.utils.kg_build.knowledge.KnowledgeCodeBase object at 0x7fe50c3e1750>
2025-08-22 14:28:50,898 - Knowledge - INFO - process ingested knowledge for /app/data/b2c/9652/b7831ap/rialto-gstreamer-9652/tests/mocks/WebAudioPlayerMock.h
2025-08-22 14:28:50,910 - Knowledge - INFO - Found code-base-name: https://github.com/kavia-common/rialto-gstreamer-9652.git:kavia-6.0.0-rc1
2025-08-22 14:28:50,910 - Knowledge - INFO - Found code_base: <app.utils.kg_build.knowledge.KnowledgeCodeBase object at 0x7fe50c3e1750>
2025-08-22 14:28:50,911 - Knowledge - INFO - process ingested knowledge for /app/data/b2c/9652/b7831ap/rialto-gstreamer-9652/source/RialtoGStreamerWebAudioSink.cpp
2025-08-22 14:28:50,925 - Knowledge - INFO - Found code-base-name: https://github.com/kavia-common/rialto-gstreamer-9652.git:kavia-6.0.0-rc1
2025-08-22 14:28:50,925 - Knowledge - INFO - Found code_base: <app.utils.kg_build.knowledge.KnowledgeCodeBase object at 0x7fe50c3e1750>
2025-08-22 14:28:50,925 - Knowledge - INFO - process ingested knowledge for /app/data/b2c/9652/b7831ap/rialto-gstreamer-9652/source/MediaPlayerClientBackendInterface.h
2025-08-22 14:28:50,935 - Knowledge - INFO - Found code-base-name: https://github.com/kavia-common/rialto-gstreamer-9652.git:kavia-6.0.0-rc1
2025-08-22 14:28:50,936 - Knowledge - INFO - Found code_base: <app.utils.kg_build.knowledge.KnowledgeCodeBase object at 0x7fe50c3e1750>
2025-08-22 14:28:50,936 - Knowledge - INFO - process ingested knowledge for /app/data/b2c/9652/b7831ap/rialto-gstreamer-9652/CHANGELOG.md
2025-08-22 14:28:50,944 - Knowledge - INFO - Found code-base-name: https://github.com/kavia-common/rialto-gstreamer-9652.git:kavia-6.0.0-rc1
2025-08-22 14:28:50,945 - Knowledge - INFO - Found code_base: <app.utils.kg_build.knowledge.KnowledgeCodeBase object at 0x7fe50c3e1750>
2025-08-22 14:28:50,945 - Knowledge - INFO - process ingested knowledge for /app/data/b2c/9652/b7831ap/rialto-gstreamer-9652/tests/ut/ControlBackendTests.cpp
2025-08-22 14:28:50,956 - Knowledge - INFO - Found code-base-name: https://github.com/kavia-common/rialto-gstreamer-9652.git:kavia-6.0.0-rc1
2025-08-22 14:28:50,957 - Knowledge - INFO - Found code_base: <app.utils.kg_build.knowledge.KnowledgeCodeBase object at 0x7fe50c3e1750>
2025-08-22 14:28:50,957 - Knowledge - INFO - process ingested knowledge for /app/data/b2c/9652/b7831ap/rialto-gstreamer-9652/CONTRIBUTING.md
2025-08-22 14:28:50,970 - Knowledge - INFO - Found code-base-name: https://github.com/kavia-common/rialto-gstreamer-9652.git:kavia-6.0.0-rc1
2025-08-22 14:28:50,971 - Knowledge - INFO - Found code_base: <app.utils.kg_build.knowledge.KnowledgeCodeBase object at 0x7fe50c3e1750>
2025-08-22 14:28:50,971 - Knowledge - INFO - process ingested knowledge for /app/data/b2c/9652/b7831ap/rialto-gstreamer-9652/source/RialtoGStreamerMSEAudioSink.h
2025-08-22 14:28:50,983 - Knowledge - INFO - Found code-base-name: https://github.com/kavia-common/rialto-gstreamer-9652.git:kavia-6.0.0-rc1
2025-08-22 14:28:50,985 - Knowledge - INFO - Found code_base: <app.utils.kg_build.knowledge.KnowledgeCodeBase object at 0x7fe50c3e1750>
2025-08-22 14:28:50,985 - Knowledge - INFO - process ingested knowledge for /app/data/b2c/9652/b7831ap/rialto-gstreamer-9652/source/Timer.h
2025-08-22 14:28:51,001 - Knowledge - INFO - Found code-base-name: https://github.com/kavia-common/rialto-gstreamer-9652.git:kavia-6.0.0-rc1
2025-08-22 14:28:51,001 - Knowledge - INFO - Found code_base: <app.utils.kg_build.knowledge.KnowledgeCodeBase object at 0x7fe50c3e1750>
2025-08-22 14:28:51,001 - Knowledge - INFO - process ingested knowledge for /app/data/b2c/9652/b7831ap/rialto-gstreamer-9652/tests/third-party/CMakeLists.txt
2025-08-22 14:28:51,013 - Knowledge - INFO - Found code-base-name: https://github.com/kavia-common/rialto-gstreamer-9652.git:kavia-6.0.0-rc1
2025-08-22 14:28:51,014 - Knowledge - INFO - Found code_base: <app.utils.kg_build.knowledge.KnowledgeCodeBase object at 0x7fe50c3e1750>
2025-08-22 14:28:51,014 - Knowledge - INFO - process ingested knowledge for /app/data/b2c/9652/b7831ap/rialto-gstreamer-9652/source/GStreamerWebAudioPlayerClient.cpp
2025-08-22 14:28:51,032 - Knowledge - INFO - Found code-base-name: https://github.com/kavia-common/rialto-gstreamer-9652.git:kavia-6.0.0-rc1
2025-08-22 14:28:51,035 - Knowledge - INFO - Found code_base: <app.utils.kg_build.knowledge.KnowledgeCodeBase object at 0x7fe50c3e1750>
2025-08-22 14:28:51,036 - Knowledge - INFO - process ingested knowledge for /app/data/b2c/9652/b7831ap/rialto-gstreamer-9652/source/RialtoGStreamerMSEVideoSink.cpp
2025-08-22 14:28:51,049 - Knowledge - INFO - Found code-base-name: https://github.com/kavia-common/rialto-gstreamer-9652.git:kavia-6.0.0-rc1
2025-08-22 14:28:51,049 - Knowledge - INFO - Found code_base: <app.utils.kg_build.knowledge.KnowledgeCodeBase object at 0x7fe50c3e1750>
2025-08-22 14:28:51,050 - Knowledge - INFO - process ingested knowledge for /app/data/b2c/9652/b7831ap/rialto-gstreamer-9652/source/RialtoGStreamerMSEVideoSinkPrivate.h
2025-08-22 14:28:51,061 - Knowledge - INFO - Found code-base-name: https://github.com/kavia-common/rialto-gstreamer-9652.git:kavia-6.0.0-rc1
2025-08-22 14:28:51,062 - Knowledge - INFO - Found code_base: <app.utils.kg_build.knowledge.KnowledgeCodeBase object at 0x7fe50c3e1750>
2025-08-22 14:28:51,062 - Knowledge - INFO - process ingested knowledge for /app/data/b2c/9652/b7831ap/rialto-gstreamer-9652/source/ControlBackend.h
2025-08-22 14:28:51,072 - Knowledge - INFO - Found code-base-name: https://github.com/kavia-common/rialto-gstreamer-9652.git:kavia-6.0.0-rc1
2025-08-22 14:28:51,073 - Knowledge - INFO - Found code_base: <app.utils.kg_build.knowledge.KnowledgeCodeBase object at 0x7fe50c3e1750>
2025-08-22 14:28:51,073 - Knowledge - INFO - process ingested knowledge for /app/data/b2c/9652/b7831ap/rialto-gstreamer-9652/tests/mocks/ControlMock.h
2025-08-22 14:28:51,091 - Knowledge - INFO - Found code-base-name: https://github.com/kavia-common/rialto-gstreamer-9652.git:kavia-6.0.0-rc1
2025-08-22 14:28:51,092 - Knowledge - INFO - Found code_base: <app.utils.kg_build.knowledge.KnowledgeCodeBase object at 0x7fe50c3e1750>
2025-08-22 14:28:51,092 - Knowledge - INFO - process ingested knowledge for /app/data/b2c/9652/b7831ap/rialto-gstreamer-9652/tests/third-party/source/WebAudioPlayerFactory.cpp
2025-08-22 14:28:51,110 - Knowledge - INFO - Found code-base-name: https://github.com/kavia-common/rialto-gstreamer-9652.git:kavia-6.0.0-rc1
2025-08-22 14:28:51,110 - Knowledge - INFO - Found code_base: <app.utils.kg_build.knowledge.KnowledgeCodeBase object at 0x7fe50c3e1750>
2025-08-22 14:28:51,110 - Knowledge - INFO - process ingested knowledge for /app/data/b2c/9652/b7831ap/rialto-gstreamer-9652/build_ut.py
2025-08-22 14:28:51,120 - Knowledge - INFO - load persisted knowledge: end
2025-08-22 14:28:51,121 - Knowledge - INFO - load persisted docinfo: begin
2025-08-22 14:28:51,123 - Knowledge - INFO - load persisted docinfo: end
2025-08-22 14:28:51,161 - Knowledge - INFO - worker kw1 created with dedicated MongoDB connection (total: 1)
2025-08-22 14:28:51,161 - Knowledge - INFO - knowledge worker kw1 start
2025-08-22 14:28:51,162 - Knowledge - INFO - Knowledge creation complete
2025-08-22 14:28:51,165 - Knowledge - INFO - Updating org costs, total cost: 0
2025-08-22 14:28:51,173 - Knowledge - INFO - Saving knowledge to Redis...
2025-08-22 14:28:51,234 - Knowledge - INFO - Knowledge saved to Redis successfully
